Name_Surname,Integrity_Score,Integrity_Reason,Fraction_2019,Committee_Short,Incumbency,Party_Switcher,Region_Origin,From_Center,Gender_Male,Birth_Year,Education_Dummy,Career_Origin,List_Member,Status,Integrity_URL,is_System,is_Business,is_Civil Society,is_Media,is_Military,Career_Complexity,Career_Multi,Age_at_Election,Age_Squared,Political_Experience,Age_Outlier,Macro_Region,From_Occupied,is_Kyiv_Origin
Олександр Качний,1,Identified by Chesno as a figurant in integrity investigations and media reports regarding pro-Russian activities and undeclared assets.,Opposition Platform — For Life,Humanitarian,0,1,Kyiv,0,1,1968,1,"Business, System",1,Active,AI_Verified,1,1,0,0,0,2,1,51,2601,0,0,Center,0,1
Валентин Наливайченко,0,"No active criminal proceedings, VAKS cases, or NABU pidozra identified during the 9th convocation; maintains a relatively clean record regarding high-profile financial corruption probes.",Batkivshchyna,Foreign,1,0,Zaporizhzhia,1,1,1970,0,System,1,Active,AI_Verified,1,0,0,0,0,1,0,49,2401,49,0,East,0,0
Тетяна Плачкова,1,Media investigations (including Bihus.info) linked her to influence over corruption schemes in the State Architectural and Construction Inspection (DABI) and luxury lifestyle inconsistencies.,Opposition Platform — For Life,Energy,0,1,Odesa,0,0,1983,1,"System, Business",1,Terminated,AI_Verified,1,1,0,0,0,2,1,36,1296,0,0,South,0,0
Суто Мамоян,2,Subject of multiple high-profile anti-corruption investigations by NAZK and media (Bihus.info) regarding significantly undervalued luxury assets and undeclared property in Kyiv and Dubai.,Opposition Platform — For Life,Transport,0,1,Kyiv,1,1,1981,1,Business,1,Active,AI_Verified,0,1,0,0,0,1,0,38,1444,0,0,Center,0,1
Юлія Тимошенко,1,"Subject of persistent media investigations (Bihus, Schemes) regarding undeclared assets, luxury lifestyle not matching income, and complex financial schemes involving US-based compensation.",Batkivshchyna,Social,1,0,Dnipro,1,0,1960,1,"System, Business",1,Active,AI_Verified,1,1,0,0,0,2,1,59,3481,59,0,East,0,0
Сергій Тарута,2,"NAZK identified significant violations in his 2019 declaration, including undeclared real estate and assets totaling over 5 million UAH, leading to official administrative protocols.",Batkivshchyna,Finance,1,0,Donetsk,0,1,1955,0,Business,1,Active,AI_Verified,0,1,0,0,0,1,0,64,4096,64,0,East,1,0
Іван Кириленко,0,"No active criminal proceedings, VAKS cases, or significant enrichment-related media investigations recorded during the 9th convocation.",Batkivshchyna,Agrarian,1,0,Dnipro,0,1,1956,1,System,1,Active,AI_Verified,1,0,0,0,0,1,0,63,3969,63,0,East,0,0
Григорій Немиря,0,"No significant corruption-related criminal records, NABU investigations, or VAKS cases are associated with the MP in public databases or anti-corruption monitoring registries.",Batkivshchyna,Foreign,1,0,Donetsk,1,1,1960,1,"System, Civil Society",1,Active,AI_Verified,1,0,1,0,0,2,1,59,3481,59,0,East,1,0
Андрій Кожем'якін,0,"No active criminal verdicts, VAKS cases, or NABU/SAP corruption pidozras have been identified regarding his activities in the 9th convocation.",Batkivshchyna,Humanitarian,1,0,Kyiv,1,1,1959,1,System,1,Active,AI_Verified,1,0,0,0,0,1,0,60,3600,60,0,Center,0,1
Сергій Соболєв,0,"No record of NABU/SAP investigations, VAKS criminal cases, or major documented corruption investigations by investigative media like Bihus.Info or Schemes in the 9th convocation.",Batkivshchyna,Foreign,1,0,Zaporizhzhia,1,1,1961,1,System,1,Active,AI_Verified,1,0,0,0,0,1,0,58,3364,58,0,East,0,0
Валерій Дубіль,1,Extensive media investigations and DBR inquiries into his alleged involvement in organized voter bribery networks ('setka') and discrepancies in asset declarations.,Batkivshchyna,Social,1,0,Chernihiv,0,1,1973,1,"Business, System",1,Active,AI_Verified,1,1,0,0,0,2,1,46,2116,46,0,North,0,0
Іван Крулько,1,"Featured in media investigations (e.g., Bihus.info) regarding real estate assets and business interests of his brother, suggesting potential conflict of interest or undeclared wealth.",Batkivshchyna,Budget,1,0,Zakarpattia,0,1,1981,1,"System, Civil Society",1,Active,AI_Verified,1,0,1,0,0,2,1,38,1444,38,0,West,0,0
Олександр Абдуллін,1,Frequently documented in media investigations regarding opaque party financing and political corruption; listed by Chesno for involvement in button-pressing and party funding scandals.,Batkivshchyna,Humanitarian,1,0,Kyiv,1,1,1962,0,"Media, Business, System",1,Active,AI_Verified,1,1,0,1,0,3,1,57,3249,57,0,Center,0,1
Анжеліка Лабунська,1,NAZK identified significant discrepancies in her 2020 asset declaration exceeding 1 million UAH; historical media mentions regarding non-transparent enrichment and ties to the Zhevago business group.,Batkivshchyna,Eco,1,0,Kyiv,1,0,1967,1,"Business, System",1,Active,AI_Verified,1,1,0,0,0,2,1,52,2704,52,0,Center,0,1
Михайло Цимбалюк,1,"Subject to media scrutiny and NGO investigations regarding the origin of family assets and his high-ranking positions during the Yanukovych administration, though no VAKS criminal cases are active.",Batkivshchyna,Social,0,0,Lviv,0,1,1964,1,System,1,Active,AI_Verified,1,0,0,0,0,1,0,55,3025,0,0,West,0,0
Віталій Данілов,1,"Danilov has been the subject of numerous media investigations regarding his business interests in the energy sector, specifically gas extraction (Ukrnaftoburinnya), and his ties to regional power brokers in Kharkiv. While he has been linked to various corporate-political scandals, no formal pidozra or criminal verdict was issued during the 9th convocation.",Batkivshchyna,Budget,1,0,Kharkiv,0,1,1967,1,Business,1,Terminated,AI_Verified,0,1,0,0,0,1,0,52,2704,52,0,East,0,0
Ольга Бєлькова,0,"No documented corruption investigations or criminal cases by NABU, SAP, or VAKS; recognized for professional technocratic reputation in the energy sector.",Batkivshchyna,Finance,1,0,Kyiv,1,0,1975,1,"Business, Civil Society",1,Terminated,AI_Verified,0,1,1,0,0,2,1,44,1936,44,0,Center,0,1
Олексій Кучеренко,1,"Subject of various media investigations (Chesno, Bihus.info) regarding asset declarations, potential conflicts of interest in energy lobbying, and discrepancies in financial reporting.",Batkivshchyna,Energy,1,0,Vinnytsia,1,1,1961,1,System,1,Active,AI_Verified,1,0,0,0,0,1,0,58,3364,58,0,Center,0,0
Андрій Ніколаєнко,1,"Subject of several media investigations regarding his business ties to Serhiy Taruta and scrutiny over luxury assets following a high-profile fatal car accident, though no active corruption pidozra from NABU exists.",Batkivshchyna,Finance,0,0,Kyiv,0,1,1979,1,System,1,Active,AI_Verified,1,0,0,0,0,1,0,40,1600,0,0,Center,0,1
Михайло Волинець,2,"In November 2022, NABU and SAP notified Volynets of suspicion (pidozra) for failing to declare an apartment worth approximately 1.7 million UAH in his 2020 declaration; the case was later referred to the High Anti-Corruption Court (VAKS).",Batkivshchyna,Energy,1,0,Kyiv,0,1,1956,0,Civil Society,1,Active,AI_Verified,0,0,1,0,0,1,0,63,3969,63,0,Center,0,1
Альона Шкрум,0,"No recorded criminal cases, VAKS investigations, or formal corruption charges from NABU/SAP were identified in public registries.",Batkivshchyna,Finance,1,0,Kyiv,1,0,1988,1,Civil Society,1,Active,AI_Verified,0,0,1,0,0,1,0,31,961,31,0,Center,0,1
Андрій Пузійчук,1,Subject of media investigations by Bihus.info and other outlets regarding links to the 'construction mafia' in Kyiv and potential conflicts of interest as a member of the Budget Committee whose family business is involved in state-funded construction projects.,Batkivshchyna,Budget,0,0,Zhytomyr,0,1,1978,1,Business,1,Active,AI_Verified,0,1,0,0,0,1,0,41,1681,0,0,Center,0,0
Вадим Івченко,1,"Identified by Chesno as a figurant in anti-corruption investigations related to land lobbying and potential conflicts of interest, though no formal criminal pidozra is active.",Batkivshchyna,Agrarian,1,0,Kyiv,0,1,1980,1,"System, Business",1,Active,AI_Verified,1,1,0,0,0,2,1,39,1521,39,0,Center,0,1
Джемілєв Мустафа,0,"No significant corruption scandals, criminal investigations by NABU/SAP, or verified integrity violations recorded during the 9th convocation.",European Solidarity,Humanitarian,1,0,Crimea,0,1,1943,0,Civil Society,1,Active,AI_Verified,0,0,1,0,0,1,0,76,5776,76,1,South,1,0
Ірина Геращенко,1,"Regularly mentioned in investigative journalism regarding asset declarations and lifestyle discrepancies, but lacks formal VAKS cases or NABU criminal charges.",European Solidarity,Foreign,1,0,Cherkasy,1,0,1971,1,"Media, System",1,Active,AI_Verified,1,0,0,1,0,2,1,48,2304,48,0,Center,0,0
Петро Порошенко,3,"Formally served with multiple notices of suspicion (pidozra), including high treason and terrorism financing in the coal supply case. Underwent high-profile court hearings regarding preventive measures and bail.",European Solidarity,Foreign,1,0,Vinnytsia,0,1,1965,1,"System, Business",1,Active,AI_Verified,1,1,0,0,0,2,1,54,2916,54,0,Center,0,0
Софія Федина,0,"While involved in a criminal case regarding alleged threats to the President (Article 346), no major corruption-related investigations, VAKS cases, or NABU/SAP protocols regarding enrichment or bribery are linked to her.",European Solidarity,Humanitarian,0,0,Lviv,1,0,1984,1,"Civil Society, Media",1,Active,AI_Verified,0,0,1,1,0,2,1,35,1225,0,0,West,0,0
Яна Зінкевич,0,"No records of corruption-related criminal cases, NABU investigations, or significant media-led financial enrichment scandals were found.",European Solidarity,Social,0,0,Rivne,1,0,1995,0,"Military, Civil Society",1,Active,AI_Verified,0,0,1,0,1,2,1,24,576,0,0,Other,0,0
Ахтем Чийгоз,0,"No records found of NABU/VAKS investigations, corruption-related pidozras, or investigative media reports regarding illicit enrichment or financial conflict of interest.",European Solidarity,Humanitarian,0,0,Crimea,0,1,1964,0,Civil Society,1,Active,AI_Verified,0,0,1,0,0,1,0,55,3025,0,0,South,1,0
Олег Синютка,1,"Involved in media investigations (CHESNO, Bihus.info) regarding asset declarations and potential abuse of power during his tenure as Lviv Governor (2014-2019).",European Solidarity,Transport,0,0,Lviv,0,1,1970,1,"System, Business",1,Active,AI_Verified,1,1,0,0,0,2,1,49,2401,0,0,West,0,0
Іванна Климпуш-Цинцадзе,0,"No active criminal cases, NABU investigations, or significant corruption-related sanctions recorded in anti-corruption databases like Chesno or Bihus.Info.",European Solidarity,Foreign,1,0,Kyiv,1,0,1972,1,"Civil Society, Media",1,Active,AI_Verified,0,0,1,1,0,2,1,47,2209,47,0,Center,0,1
Ніна Южаніна,1,"Identified by monitoring groups like Chesno for potential conflicts of interest and legislative lobbying for specific business sectors, although no criminal charges or official suspicions have been filed.",European Solidarity,Finance,1,0,Kyiv,0,0,1965,1,Business,1,Active,AI_Verified,0,1,0,0,0,1,0,54,2916,54,0,Center,0,1
Артур Герасимов,3,"In July 2023, the High Anti-Corruption Court (VAKS) found him guilty of failing to declare a villa in Spain and land in the Kyiv region in his 2020 declaration. Although he was exempted from punishment due to the expiration of the statute of limitations, the verdict stands as a criminal conviction in the first instance.",European Solidarity,Agrarian,1,0,Poltava,0,1,1972,1,Business,1,Active,AI_Verified,0,1,0,0,0,1,0,47,2209,47,0,Center,0,0
Степан Кубів,1,Subject of various media investigations by investigative journalists regarding NBU refinancing during his tenure and discrepancies in asset declarations.,European Solidarity,Finance,1,0,Lviv,0,1,1962,1,"System, Business",1,Active,AI_Verified,1,1,0,0,0,2,1,57,3249,57,0,West,0,0
Олександр Юрченко,3,Charged by NABU and SAP in 2020 for soliciting a bribe related to waste management legislation; spent time in SIZO and paid bail; VAKS case is ongoing.,Servant of the People,Energy,0,1,Kyiv,1,1,1988,1,"Civil Society, Business",0,Active,AI_Verified,0,1,1,0,0,2,1,31,961,0,0,Center,0,1
Олександр Дубінський,3,"Dubinskyi is under criminal investigation for treason and document forgery, has been remanded to pre-trial detention (SIZO), and is subject to US sanctions for foreign election interference.",Servant of the People,Finance,0,1,Kyiv,1,1,1981,1,Media,0,Active,AI_Verified,0,0,0,1,0,1,0,38,1444,0,0,Center,0,1
Людмила Марченко,3,"In 2023, she was notified of suspicion by NABU and SAPO for taking a bribe to facilitate illegal border crossing via the Shlyakh system; her case was subsequently referred to the High Anti-Corruption Court (VAKS).",Servant of the People,Budget,0,1,Ternopil,0,0,1983,1,Business,1,Active,AI_Verified,0,1,0,0,0,1,0,36,1296,0,0,West,0,0
Олександр Трухін,3,Convicted by the Higher Anti-Corruption Court (VAKS) in 2023 for attempting to bribe police officers following a high-profile car accident in 2021.,Servant of the People,Budget,0,1,Poltava,0,1,1986,1,Business,0,Terminated,AI_Verified,0,1,0,0,0,1,0,33,1089,0,0,Center,0,0
Сергій Кузьміних,3,"Detained by NABU in 2022 for receiving a 558,000 UAH bribe; the case was subsequently referred to the High Anti-Corruption Court (VAKS).",Servant of the People,Social,0,1,Zhytomyr,1,1,1983,0,Civil Society,0,Active,AI_Verified,0,0,1,0,0,1,0,36,1296,0,0,Center,0,0
Давид Арахамія,1,"Subject of multiple media investigations by outlets like Bihus.info and Schemes regarding undisclosed luxury car usage, meetings with oligarchs, and lobbying efforts, though no formal criminal conviction exists.",Servant of the People,Defense,0,0,Mykolaiv,1,1,1979,1,"Business, Civil Society",1,Active,AI_Verified,0,1,1,0,0,2,1,40,1600,0,0,South,0,0
Данило Гетманцев,1,"Subject of media investigations by outlets like Bihus.info regarding potential conflicts of interest concerning his legal business (Jurimex) and its ties to the lottery operator MSL, alongside allegations of undeclared property.",Servant of the People,Finance,0,0,Kyiv,1,1,1978,1,"Business, System",1,Active,AI_Verified,1,1,0,0,0,2,1,41,1681,0,0,Center,0,1
Ілля Кива,3,"Charged with high treason, illegal enrichment, and facing multiple criminal proceedings by the Prosecutor General's Office and VAKS prior to his death.",Opposition Platform — For Life,Law Enforcement,0,1,Poltava,1,1,1977,1,"System, Business",1,Deceased,AI_Verified,1,1,0,0,0,2,1,42,1764,0,0,Center,0,0
Мар'яна Безугла,0,"No formal corruption investigations by NABU/SAP or enrichment-related investigative journalism (e.g., Bihus.info) have been verified; her controversies are primarily political/professional.",Servant of the People,Defense,0,1,Kyiv,1,0,1988,0,System,0,Active,AI_Verified,1,0,0,0,0,1,0,31,961,0,0,Center,0,1
Євгенія Кравчук,0,"No significant criminal proceedings, VAKS cases, or NAZK corruption protocols recorded against the MP.",Servant of the People,Humanitarian,0,0,Ternopil,1,0,1985,0,Media,1,Active,AI_Verified,0,0,0,1,0,1,0,34,1156,0,0,West,0,0
Сергій Власенко,1,Subject of media investigations regarding the transparency of foreign legal fees and declaration discrepancies noted by NAZK.,Batkivshchyna,Legal Policy,1,0,Lviv,1,1,1967,1,"Business, System",1,Active,AI_Verified,1,1,0,0,0,2,1,52,2704,52,0,West,0,0
Маргарита Шол,3,"In early 2023, NABU and SAP declared her wanted and subsequently sent a case to the High Anti-Corruption Court (VAKS) regarding her failure to declare a rented apartment in Kyiv worth approximately 5 million UAH.",Servant of the People,Agrarian,0,0,Donetsk,0,0,1988,1,Business,1,Active,AI_Verified,0,1,0,0,0,1,0,31,961,0,0,East,1,0
Павло Халімон,2,Investigated by NABU and SAP for illicit enrichment after the 'Pechersk mansion' scandal in 2023. NAZK formally concluded that he had signs of illegal enrichment totaling 10 million UAH and submitted the materials to the Prosecutor General.,Servant of the People,Agrarian,0,0,Chernihiv,1,1,1983,1,"System, Business",1,Active,AI_Verified,1,1,0,0,0,2,1,36,1296,0,0,North,0,0
Анна Колісник,2,"In 2022, NABU and SAP notified her of suspicion (pidozra) for failing to declare property worth 4.4 million UAH, later leading to a case in the High Anti-Corruption Court (VAKS).",Servant of the People,Finance,0,0,Kharkiv,0,0,1994,1,System,1,Active,AI_Verified,1,0,0,0,0,1,0,25,625,0,0,East,0,0
Юрій Камельчук,2,"In late 2022, NABU and SAP issued an official notice of suspicion (pidozra) to Kamelchuk for failing to declare a rented apartment in Kyiv in his 2020 annual declaration; he was subsequently tried in the High Anti-Corruption Court (VAKS).",Servant of the People,Energy,0,0,Lviv,1,1,1980,0,"Media, Business",0,Active,AI_Verified,0,1,0,1,0,2,1,39,1521,0,0,West,0,0
Тетяна Грищенко,0,"No documented high-level corruption cases, VAKS proceedings, or specific enrichment investigations by Bihus/Schemes identified.",Servant of the People,Agrarian,0,0,Zhytomyr,0,0,1979,1,System,0,Active,AI_Verified,1,0,0,0,0,1,0,40,1600,0,0,Center,0,0
Орест Саламаха,0,"No significant corruption investigations, NABU pidozras, or NAZK protocol violations have been documented in public or media databases.",Servant of the People,Budget,0,0,Lviv,1,1,1991,1,Business,0,Active,AI_Verified,0,1,0,0,0,1,0,28,784,0,0,West,0,0
Валерій Колюх,1,"Media investigations by Chesno and Bihus.info highlighting his long-term associations with pro-Russian figures and fugitive MP Oleksandr Onyshchenko, as well as alleged involvement in lobbying interests.",Servant of the People,Humanitarian,0,0,Kyiv,0,1,1973,1,System,0,Active,AI_Verified,1,0,0,0,0,1,0,46,2116,0,0,Center,0,1
Володимир Тимофійчук,1,Reported by media and civic watchdogs for potential conflict of interest regarding the appointment of his brother as a parliamentary assistant.,Servant of the People,Agrarian,0,0,Ivano-Frankivsk,0,1,1986,1,"Media, Business",0,Active,AI_Verified,0,1,0,1,0,2,1,33,1089,0,0,West,0,0
Ірина Аллахвердієва,2,"In late 2022, the High Anti-Corruption Court (VAKS) ordered the Prosecutor General's Office to open a criminal case regarding potential illicit enrichment involving gifts totaling over 14.4 million UAH and luxury assets.",Servant of the People,Finance,0,0,Mykolaiv,1,0,1978,1,Business,1,Active,AI_Verified,0,1,0,0,0,1,0,41,1681,0,0,South,0,0
Сергій Гривко,0,"No records of criminal proceedings, NABU investigations, or significant enrichment scandals were identified in public registers or media investigations such as Bihus.Info or Schemes.",Servant of the People,Social,0,0,Chernihiv,1,1,1985,1,"Business, Civil Society",1,Active,AI_Verified,0,1,1,0,0,2,1,34,1156,0,0,North,0,0
Жан Беленюк,0,"No evidence of NABU/SAP investigations, VAKS cases, or high-profile media-led corruption scandals involving personal enrichment.",Servant of the People,Humanitarian,0,0,Kyiv,1,1,1991,0,Outsider,1,Active,AI_Verified,0,0,0,0,0,1,0,28,784,0,0,Center,0,1
Андрій Богданець,0,"No documented cases of financial corruption, bribery, or illegal enrichment by NABU/VAKS. His 2019 legal controversy and suspended sentence were related to a physical assault (hooliganism), not corruption.",Servant of the People,Agrarian,0,0,Ternopil,0,1,1983,1,"Business, Military",0,Active,AI_Verified,0,1,0,0,1,2,1,36,1296,0,0,West,0,0
Максим Березін,0,"No significant corruption scandals, NABU/SAP investigations, or VAKS criminal proceedings have been documented against this MP.",Servant of the People,Defense,0,0,Poltava,1,1,1984,1,System,0,Active,AI_Verified,1,0,0,0,0,1,0,35,1225,0,0,Center,0,0
Сергій Бунін,1,"Public investigations by NGOs like CHESNO highlighted inconsistencies in asset declarations, specifically regarding undeclared residential property and real estate in the Kyiv region.",Servant of the People,Budget,0,0,Kyiv,1,1,1971,1,"Business, System",0,Active,AI_Verified,1,1,0,0,0,2,1,48,2304,0,0,Center,0,1
Ігор Васильковський,2,"NAZK identified significant inconsistencies in his asset declarations. Furthermore, his mandate was terminated in 2022 following a presidential decree revoking his Ukrainian citizenship due to possession of a foreign passport (Bulgaria).",Servant of the People,Transport,0,1,Odesa,1,1,1985,1,Business,0,Terminated,AI_Verified,0,1,0,0,0,1,0,34,1156,0,0,South,0,0
Олександр Божков,0,"No official criminal proceedings, NABU/SAP pidozras, or high-profile media investigations regarding corruption or illicit enrichment were identified for this MP.",Servant of the People,Humanitarian,0,0,Kyiv,1,1,1988,0,"Business, Media",1,Active,AI_Verified,0,1,0,1,0,2,1,31,961,0,0,Center,0,1
Вадим Галайчук,0,"No significant corruption scandals, NABU/VAKS criminal proceedings, or NAZK protocols identified in public records.",Servant of the People,Foreign,0,0,Kyiv,0,1,1971,1,"Business, Civil Society",1,Active,AI_Verified,0,1,1,0,0,2,1,48,2304,0,0,Center,0,1
Олександр Горобець,1,"Journalistic investigations (Chesno, Bihus.info) identified potential enrichment and luxury vehicle ownership (Mercedes G-class) inconsistent with declared income, alongside links to construction developers in Kyiv Oblast.",Servant of the People,Energy,0,0,Kyiv,0,1,1983,1,"Business, System",0,Active,AI_Verified,1,1,0,0,0,2,1,36,1296,0,0,Center,0,1
Олександр Пузанов,1,"Identified in media investigations regarding non-transparent asset reporting and historical links to the Lyovochkin political group, though no active VAKS criminal proceedings or NABU pidozra are finalized.",Opposition Platform — For Life,Legal Policy,0,1,Kyiv,1,1,1977,1,"System, Business",1,Active,AI_Verified,1,1,0,0,0,2,1,42,1764,0,0,Center,0,1
Олександр Завітневич,0,"No active criminal cases (VAKS), NABU/SAP charges, or high-profile media investigations regarding illicit enrichment or corruption were identified for this MP.",Servant of the People,Defense,0,0,Cherkasy,0,1,1973,1,"Business, Military",1,Active,AI_Verified,0,1,0,0,1,2,1,46,2116,0,0,Center,0,0
Олена Шуляк,1,"Widely criticized by investigative media and NGOs (e.g., Chesno, Bihus.info) for lobbying interests of the construction industry through Bill 5655, leading to significant public controversy regarding urban planning transparency.",Servant of the People,State Power,0,0,Kyiv,1,0,1976,1,"Business, Civil Society",1,Active,AI_Verified,0,1,1,0,0,2,1,43,1849,0,0,Center,0,1
Олександр Дануца,0,"No high-profile investigations by NABU, SAP, or major media outlets like Bihus.Info/Schemes regarding personal enrichment or unexplained assets were identified.",Servant of the People,Law Enforcement,0,0,Kropyvnytskyi,1,1,1980,1,"Media, Business, System",0,Active,AI_Verified,1,1,0,1,0,3,1,39,1521,0,0,Center,0,0
Валерій Зуб,0,"No evidence of criminal cases, NABU/SAP investigations, or major media-based corruption scandals found in public records.",Servant of the People,Social,0,0,Chernihiv,0,1,1970,0,System,0,Active,AI_Verified,1,0,0,0,0,1,0,49,2401,0,0,North,0,0
Олександр Кабанов,1,"While no criminal charges are present, media reports (e.g., Slidstvo.info) highlighted the purchase of luxury vehicles (Jaguar F-Pace and Land Rover) during his parliamentary tenure, leading to public scrutiny over enrichment.",Servant of the People,Humanitarian,0,0,Kyiv,1,1,1973,0,Media,1,Active,AI_Verified,0,0,0,1,0,1,0,46,2116,0,0,Center,0,1
Анна Коваленко,0,"No recorded criminal proceedings, VAKS cases, or significant corruption investigations by investigative journalists such as Bihus.info or Schemes.",Servant of the People,Defense,0,0,Kyiv,1,0,1991,0,"Civil Society, Media",1,Terminated,AI_Verified,0,0,1,1,0,2,1,28,784,0,0,Center,0,1
Олексій Жмеренецький,0,"No active criminal investigations, NABU suspicions, or significant corruption scandals have been officially recorded.",Servant of the People,Anti-Corruption,0,0,Khmelnytskyi,0,1,1986,1,"Civil Society, Business",0,Active,AI_Verified,0,1,1,0,0,2,1,33,1089,0,0,Other,0,0
Аліна Загоруйко,0,"No record of criminal proceedings, NABU pidozra, or investigative journalism (Bihus/Schemes) linking her to corruption scandals; she maintains a clean profile in the Chesno 'Integrity' database.",Servant of the People,State Power,0,0,Kyiv,0,0,1984,1,System,1,Active,AI_Verified,1,0,0,0,0,1,0,35,1225,0,0,Center,0,1
Юрій Кузбит,0,"No record of official criminal proceedings (VAKS), NABU/SAP pidozra, or high-profile media investigations regarding illicit enrichment or major corruption scandals exists for this MP.",Servant of the People,Budget,0,0,Kyiv,1,1,1977,1,"Business, System",0,Active,AI_Verified,1,1,0,0,0,2,1,42,1764,0,0,Center,0,1
Олександр Матусевич,0,"No high-profile criminal investigations (VAKS), NABU suspicion notices, or major wealth-based media investigations (Bihus/Schemes) specifically targeting the MP for corruption are documented in public registers.",Servant of the People,Agrarian,0,0,Ivano-Frankivsk,0,1,1978,0,System,0,Active,AI_Verified,1,0,0,0,0,1,0,41,1681,0,0,West,0,0
Александр Куницкий,2,"Subject of NAZK corruption protocols regarding conflict of interest and NABU investigations into lobbying for his electric vehicle business, AutoEnterprise, through his parliamentary mandate.",Servant of the People,Law Enforcement,0,0,Zaporizhzhia,1,1,1983,0,"Media, Business",0,Active,AI_Verified,0,1,0,1,0,2,1,36,1296,0,0,East,0,0
Юрій Мисягін,0,"No records of criminal convictions, NABU pidozras, or significant media investigations into illicit enrichment were identified in public databases as of late 2023.",Servant of the People,Defense,0,0,Dnipro,1,1,1974,1,"Business, Civil Society",0,Active,AI_Verified,0,1,1,0,0,2,1,45,2025,0,0,East,0,0
Пало Мельник,0,"There are no documented records of criminal proceedings, NABU investigations, or high-profile corruption scandals involving Pavlo Melnyk.",Servant of the People,Humanitarian,0,0,Zaporizhzhia,1,1,1984,1,"Business, Media",0,Active,AI_Verified,0,1,0,1,0,2,1,35,1225,0,0,East,0,0
Роман Мулик,1,"Reported in media investigations regarding undeclared property and real estate assets, specifically linked to business interests in Turkey.",Servant of the People,Agrarian,0,0,Ivano-Frankivsk,1,1,1973,1,Business,1,Active,AI_Verified,0,1,0,0,0,1,0,46,2116,0,0,West,0,0
Ігор Мурдій,0,"No major criminal proceedings at the High Anti-Corruption Court (VAKS), NABU suspicions (pidozras), or high-profile media investigations regarding illicit enrichment have been documented for this MP.",Servant of the People,Transport,0,0,Kirovohrad,0,1,1982,1,Business,0,Active,AI_Verified,0,1,0,0,0,1,0,37,1369,0,0,Center,0,0
Кирил Нестеренко,0,"No major criminal proceedings (VAKS), official corruption protocols (NAZK/NABU), or significant media investigations into illicit enrichment found.",Servant of the People,Eco,0,0,Sumy,1,1,1993,1,"Business, Civil Society",0,Active,AI_Verified,0,1,1,0,0,2,1,26,676,0,0,North,0,0
Микита Потураєв,0,"No records found of criminal proceedings (VAKS/NABU), official corruption suspicions, or major media investigations (Bihus/Schemes) regarding illegal enrichment or significant conflicts of interest.",Servant of the People,Humanitarian,0,0,Dnipro,1,1,1970,0,Media,1,Active,AI_Verified,0,0,0,1,0,1,0,49,2401,0,0,East,0,0
Михайло Радуцький,1,"Subject of media investigations by outlets like Bihus.info regarding potential conflicts of interest in the pharmaceutical and medical equipment markets, as well as ethical scandals involving parliamentary correspondence.",Servant of the People,Social,0,0,Kyiv,1,1,1968,0,Business,1,Active,AI_Verified,0,1,0,0,0,1,0,51,2601,0,0,Center,0,1
Ігор Герасименко,0,"No records of criminal proceedings, NABU investigations, VAKS cases, or significant investigative journalism reports regarding corruption were found for this MP.",Servant of the People,Defense,0,0,Zhytomyr,0,1,1984,0,Military,0,Active,AI_Verified,0,0,0,0,1,1,0,35,1225,0,0,Center,0,0
Вячеслав Медяник,1,"In 2019, he was involved in a high-profile media scandal involving photographed text messages ('sugar' case) where he appeared to be discussing influence over the Prosecutor General's Office with a business partner.",Servant of the People,Law Enforcement,0,0,Dnipro,1,1,1987,1,Business,0,Terminated,AI_Verified,0,1,0,0,0,1,0,32,1024,0,0,East,0,0
Богдан Торохтій,1,"Media investigations (Bihus.info) exposed luxury lifestyle, expensive car acquisitions, and overseas travel to Bulgaria during martial law, leading to his expulsion from the SN faction.",Servant of the People,Legal Policy,0,1,Kropyvnytskyi,1,1,1984,1,"System, Business",1,Active,AI_Verified,1,1,0,0,0,2,1,35,1225,0,0,Center,0,0
Анастасія Ляшенко,0,"No significant records of criminal investigations (VAKS), NABU suspicions, or major media corruption scandals found in public anti-corruption databases or Chesno profile.",Servant of the People,Humanitarian,0,0,Poltava,0,0,1986,0,Media,0,Active,AI_Verified,0,0,0,1,0,1,0,33,1089,0,0,Center,0,0
Анатолій Драбовський,0,"No major criminal corruption cases, VAKS proceedings, or specific media investigations into illicit enrichment or conflict of interest have been verified in public databases like Chesno or NABU/SAP registries.",Servant of the People,Budget,0,0,Vinnytsia,1,1,1958,1,Business,0,Active,AI_Verified,0,1,0,0,0,1,0,61,3721,0,0,Center,0,0
Анатолій Костюх,0,"No records of criminal investigations, VAKS cases, or significant media corruption scandals were identified for this MP.",Servant of the People,Humanitarian,0,0,Zakarpattia,1,1,1988,1,Media,1,Active,AI_Verified,0,0,0,1,0,1,0,31,961,0,0,West,0,0
Анатолій Остапенко,0,"No significant criminal investigations, VAKS cases, or major media-led corruption allegations found regarding illicit enrichment or conflicts of interest.",Servant of the People,Social,0,0,Kyiv,1,1,1968,1,Business,1,Active,AI_Verified,0,1,0,0,0,1,0,51,2601,0,0,Center,0,1
Андрiй Холодов,1,Extensive media investigations (Schemes) documented significant conflicts of interest involving tobacco lobbying (Amendment 1049) and family-owned kiosk networks. Resigned his mandate in 2023 after remaining abroad during the war.,Servant of the People,Finance,0,1,Kyiv,1,1,1972,1,Business,1,Terminated,AI_Verified,0,1,0,0,0,1,0,47,2209,0,0,Center,0,1
Андрій Жупанин,0,"No records of criminal proceedings, NABU/SAP suspicions, or significant corruption-related media investigations (Bihus/Schemes) were identified for this MP.",Servant of the People,Energy,0,0,Zakarpattia,0,1,1989,1,Business,1,Active,AI_Verified,0,1,0,0,0,1,0,30,900,0,0,West,0,0
Андрій Боблях,0,"No significant corruption-related criminal cases (VAKS), official NABU pidozras, or major investigative journalism reports (Bihus/Schemes) on illicit enrichment were found.",Servant of the People,Humanitarian,0,0,Poltava,0,1,1985,1,"Business, Outsider",0,Active,AI_Verified,0,1,0,0,0,2,1,34,1156,0,0,Center,0,0
Андрій Задорожний,0,"No significant corruption investigations, NABU/SAP proceedings, or documented wealth-gap scandals identified in public monitoring databases like Chesno or investigative media like Bihus.Info.",Servant of the People,Eco,0,0,Kyiv,1,1,1968,1,Business,1,Active,AI_Verified,0,1,0,0,0,1,0,51,2601,0,0,Center,0,1
Олександр Корнієнко,0,"No significant evidence of criminal cases, NABU investigations, or media investigations regarding illegal enrichment or corruption.",Servant of the People,State Power,0,0,Kyiv,1,1,1984,0,"Business, Civil Society",1,Active,AI_Verified,0,1,1,0,0,2,1,35,1225,0,0,Center,0,1
Анастасія Красносільська,0,"No record of criminal convictions, official NABU/SAP suspicions, or major media investigations into personal corruption or illicit enrichment.",Servant of the People,Anti-Corruption,0,0,Kyiv,1,0,1984,1,Civil Society,1,Active,AI_Verified,0,0,1,0,0,1,0,35,1225,0,0,Center,0,1
Андрій Мотовиловець,1,"Media investigations and NGO reports (Chesno) link him to lobbying in the infrastructure sector and influence over state procurement (Prozorro), though no formal criminal charges (pidozra) have been filed.",Servant of the People,Humanitarian,0,0,Kyiv,1,1,1982,1,"System, Business, Civil Society",1,Active,AI_Verified,1,1,1,0,0,3,1,37,1369,0,0,Center,0,1
Ольга Савченко,1,"Featured in media investigations (e.g., Bihus.info, Slidstvo.info) regarding high-value assets and luxury lifestyle not commensurate with previously declared income at the time of election.",Servant of the People,Law Enforcement,0,0,Ivano-Frankivsk,0,0,1989,1,Business,1,Active,AI_Verified,0,1,0,0,0,1,0,30,900,0,0,West,0,0
Андрій Стріхарський,1,"Documented in media investigations (Chesno, Bihus.info) regarding his construction business interests (Status Group) and potential conflicts of interest related to Kyiv development projects.",Servant of the People,Energy,0,0,Kyiv,0,1,1981,1,Business,0,Active,AI_Verified,0,1,0,0,0,1,0,38,1444,0,0,Center,0,1
Анна Новосад,0,"No records of criminal proceedings (VAKS), NABU/SAP suspicions, or significant corruption scandals regarding illicit enrichment were identified.",Servant of the People,Humanitarian,0,0,Vinnytsia,0,0,1990,1,System,1,Terminated,AI_Verified,1,0,0,0,0,1,0,29,841,0,0,Center,0,0
Анна Пуртова,1,"Subject of media investigations (e.g., Slidstvo.info) regarding her asset declarations and lifestyle versus declared income, but no criminal charges or VAKS cases.",Servant of the People,Budget,0,0,Dnipro,1,0,1981,1,Business,0,Active,AI_Verified,0,1,0,0,0,1,0,38,1444,0,0,East,0,0
Анна Скороход,1,"Subject of various media investigations regarding political lobbying and ties to oligarchic interests; expelled from the SN faction following allegations by party leadership of bribery attempts, though no criminal conviction exists.",Servant of the People,Energy,0,1,Kyiv,0,0,1990,1,Business,0,Active,AI_Verified,0,1,0,0,0,1,0,29,841,0,0,Center,0,1
Андрій Костін,1,Faced media scrutiny and criticism from NGOs like CHESNO and DEJURE during his candidacy for SAPO head regarding potential nepotism (wife and daughter employed as MP assistants) and travel transparency.,Servant of the People,Legal Policy,0,0,Odesa,1,1,1973,1,Business,1,Terminated,AI_Verified,0,1,0,0,0,1,0,46,2116,0,0,South,0,0
Андрій Клочко,2,"In May 2024, NABU and SAP officially notified Klochko of suspicion (pidozra) for illicit enrichment totaling over 70 million UAH, including real estate and luxury vehicles.",Servant of the People,State Power,0,0,Kyiv,1,1,1981,1,Business,1,Active,AI_Verified,0,1,0,0,0,1,0,38,1444,0,0,Center,0,1
Антон Поляков,0,"No major criminal verdicts, official pidozras from NABU/SAP, or verified media investigations regarding personal enrichment were established before his death; he was primarily known as a whistleblower and for his conflict with the SN leadership.",Servant of the People,Anti-Corruption,0,1,Chernihiv,1,1,1987,1,Business,0,Deceased,AI_Verified,0,1,0,0,0,1,0,32,1024,0,0,North,0,0
Арсеній Пушкаренко,0,"No records of criminal cases (VAKS), NABU pidozras, NAZK protocols, or significant media investigations regarding corruption or illegal enrichment found in public databases.",Servant of the People,Foreign,0,0,Kyiv,0,1,1989,1,"Civil Society, System",1,Active,AI_Verified,1,0,1,0,0,2,1,30,900,0,0,Center,0,1
Артем Дубнов,0,"No significant NABU/SAP investigations, criminal records, or high-level corruption scandals (level 2 or 3) are publicly documented. Generally considered clean in the context of major corruption registries.",Servant of the People,Social,0,0,Kyiv,1,1,1988,1,Business,0,Active,AI_Verified,0,1,0,0,0,1,0,31,961,0,0,Center,0,1
Андрій Одарченко,3,Arrested and charged by NABU/SAP for attempting to bribe the head of the State Agency for Restoration with Bitcoin. Case sent to VAKS; declared wanted internationally in 2024 after illegally crossing the border.,Servant of the People,Anti-Corruption,0,1,Kharkiv,1,1,1978,1,"Business, System",0,Active,AI_Verified,1,1,0,0,0,2,1,41,1681,0,0,East,0,0
Артем Кунаєв,0,"No significant evidence of criminal proceedings (VAKS), NABU/SAP investigations, or high-profile media scandals regarding personal enrichment or corruption found in public anti-corruption registries.",Servant of the People,Budget,0,0,Dnipro,1,1,1992,1,Business,1,Active,AI_Verified,0,1,0,0,0,1,0,27,729,0,0,East,0,0
Артем Ковальов,0,"No documented criminal cases (VAKS), NABU/SAP investigations, or major investigative journalism reports (Bihus/Schemes) linking him to corruption or illicit enrichment.",Servant of the People,Humanitarian,0,0,Kyiv,0,1,1984,1,"Media, Business",1,Active,AI_Verified,0,1,0,1,0,2,1,35,1225,0,0,Center,0,1
Артем Чорноморов,1,"Media investigations and NGO monitoring (Chesno) identified him among the wealthy MPs who received state compensation for housing, which is considered a conflict of interest or moral-ethical corruption.",Servant of the People,Agrarian,0,0,Mykolaiv,1,1,1988,1,Business,0,Active,AI_Verified,0,1,0,0,0,1,0,31,961,0,0,South,0,0
Артем Нагаєвський,0,"No evidence of official corruption charges (NABU/SAP), VAKS cases, or major media investigations into illicit enrichment found.",Servant of the People,Agrarian,0,0,Kyiv,1,1,1983,1,Business,1,Active,AI_Verified,0,1,0,0,0,1,0,36,1296,0,0,Center,0,1
Богдан Яременко,0,"No significant evidence of criminal corruption (VAKS), official charges (NABU), or media investigations into illicit enrichment found; most public scandals relate to personal conduct rather than financial integrity.",Servant of the People,Foreign,0,0,Kyiv,1,1,1971,0,"System, Civil Society",0,Active,AI_Verified,1,0,1,0,0,2,1,48,2304,0,0,Center,0,1
Богдан Кицак,0,"No public records found of VAKS cases, NABU pidozras, or major investigative journalism reports linking him to high-level corruption.",Servant of the People,Finance,0,0,Zhytomyr,0,1,1992,0,System,0,Active,AI_Verified,1,0,0,0,0,1,0,27,729,0,0,Center,0,0
Артем Дмитрук,2,"In August 2024, the Prosecutor General's Office served him with a notice of suspicion (pidozra) for attacks on a law enforcement officer and a soldier. He fled Ukraine and was subsequently declared wanted.",Servant of the People,Law Enforcement,0,1,Odesa,1,1,1989,1,Business,0,Terminated,AI_Verified,0,1,0,0,0,1,0,30,900,0,0,South,0,0
Вадим Струневич,1,"Mentioned in investigative media reports regarding business links to the construction lobby and potential conflicts of interest, though no formal criminal proceedings are active.",Servant of the People,Social,0,0,Kyiv,1,1,1982,1,Business,1,Active,AI_Verified,0,1,0,0,0,1,0,37,1369,0,0,Center,0,1
Артем Культенко,1,Investigations by Bihus.info and Slidstvo.info link him to the controversial 'kiosk' (MAF) business in Kyiv and identify him as a lobbyist for those interests within the party; also cited for opaque party donations.,Servant of the People,Rules,0,0,Kyiv,1,1,1984,1,Business,1,Active,AI_Verified,0,1,0,0,0,1,0,35,1225,0,0,Center,0,1
Валерій Божик,0,"No records of NABU/SAP investigations, VAKS cases, or significant media-led corruption allegations found in public databases like Chesno or investigative outlets.",Servant of the People,Legal Policy,0,0,Chernivtsi,0,1,1971,1,Business,0,Active,AI_Verified,0,1,0,0,0,1,0,48,2304,0,0,West,0,0
Вікторія Вагнєр,0,"No major corruption scandals, NABU/SAP investigations, or significant media-led enrichment exposes found in public records.",Servant of the People,Social,0,0,Kherson,1,0,1981,0,System,0,Active,AI_Verified,1,0,0,0,0,1,0,38,1444,0,0,South,0,0
Валерій Стернійчук,0,"No formal criminal investigations by VAKS/NABU, no official pidozra, or documented media scandals regarding personal illicit enrichment or conflict of interest.",Servant of the People,Anti-Corruption,0,0,Volyn,1,1,1981,1,Business,1,Active,AI_Verified,0,1,0,0,0,1,0,38,1444,0,0,West,0,0
Вікторія Кінзбурська,1,Subject of media investigations regarding the purchase of luxury assets (Jaguar car) and her voting patterns which journalists linked to the interests of Ihor Kolomoisky.,Servant of the People,Finance,0,0,Kharkiv,1,0,1980,1,System,0,Active,AI_Verified,1,0,0,0,0,1,0,39,1521,0,0,East,0,0
Віталій Безгін,2,Notified of suspicion (pidozra) by the State Bureau of Investigation (SBI) in early 2024 concerning property transactions and a power of attorney involving a relative in occupied Crimea.,Servant of the People,State Power,0,0,Kyiv,1,1,1990,1,"Business, Civil Society",1,Active,AI_Verified,0,1,1,0,0,2,1,29,841,0,0,Center,0,1
Артем Михайлюк,0,"No documented criminal records, VAKS cases, NABU investigations, or major media-led corruption investigations (such as Bihus.Info or Schemes) identified.",Servant of the People,Law Enforcement,0,0,Kyiv,1,1,1989,0,Business,1,Active,AI_Verified,0,1,0,0,0,1,0,30,900,0,0,Center,0,1
Владислав Бородін,1,Identified by Chesno and Nashi Groshi as a subject of media investigations regarding potential conflicts of interest and tender irregularities related to road construction companies linked to his business associates.,Servant of the People,Law Enforcement,0,0,Dnipro,0,1,1971,1,"System, Business",0,Active,AI_Verified,1,1,0,0,0,2,1,48,2304,0,0,East,0,0
Владислав Криклій,1,"Multiple media investigations (e.g. Bihus.info) regarding his lifestyle, undeclared property, and alleged involvement in car certification schemes during his tenure in the Ministry of Internal Affairs and later as Minister.",Servant of the People,Transport,0,0,Kyiv,1,1,1986,1,"Business, System",1,Terminated,AI_Verified,1,1,0,0,0,2,1,33,1089,0,0,Center,0,1
Володимир Ватрас,1,"Investigative media outlets and monitoring groups like Chesno highlighted that Vatras received state compensation for housing despite his family owning significant real estate, which is categorized as a media-level controversy regarding enrichment.",Servant of the People,Legal Policy,0,0,Khmelnytskyi,1,1,1980,1,Business,1,Active,AI_Verified,0,1,0,0,0,1,0,39,1521,0,0,Other,0,0
Ренат Кузьмін,3,Stripped of Ukrainian citizenship and parliamentary mandate in January 2023. He is under investigation for high treason by the SBI and was involved in multiple corruption-related scandals during his tenure in the Prosecutor General's Office.,Opposition Platform — For Life,Legal Policy,0,1,Donetsk,1,1,1967,1,System,1,Terminated,AI_Verified,1,0,0,0,0,1,0,52,2704,0,0,East,1,0
Володимир Воронов,0,"No significant corruption cases, NABU/SAP investigations, or NAZK protocols found in public records.",Servant of the People,Humanitarian,0,0,Dnipro,1,1,1978,0,Business,1,Active,AI_Verified,0,1,0,0,0,1,0,41,1681,0,0,East,0,0
Володимир Гевко,2,"In February 2023, NABU and SAP notified Hevko of a suspicion (pidozra) regarding the intentional omission of a rental apartment in Kyiv from his 2020 electronic declaration. The High Anti-Corruption Court (VAKS) later closed the proceedings due to the expiration of the statute of limitations.",Servant of the People,Budget,0,0,Ternopil,0,1,1975,1,Business,0,Active,AI_Verified,0,1,0,0,0,1,0,44,1936,0,0,West,0,0
Владлен Неклюдов,0,"No formal criminal convictions, NABU/SAP suspects (pidozry), or high-profile corruption-related VAKS cases identified in public records or anti-corruption watchlists like Chesno.",Servant of the People,Law Enforcement,0,0,Dnipro,0,1,1973,1,System,1,Active,AI_Verified,1,0,0,0,0,1,0,46,2116,0,0,East,0,0
Володимир Козак,0,"No evidence of VAKS cases, NABU pidozra, or major investigative journalism reports regarding illicit enrichment or criminal corruption found in public records.",Servant of the People,Transport,0,0,Kyiv,0,1,1984,1,Business,1,Active,AI_Verified,0,1,0,0,0,1,0,35,1225,0,0,Center,0,1
Володимир Іванов,0,"No major criminal cases, NABU investigations, or significant corruption scandals reported in public databases like Chesno or media outlets like Bihus.Info.",Servant of the People,Eco,0,0,Kherson,1,1,1982,1,Business,0,Active,AI_Verified,0,1,0,0,0,1,0,37,1369,0,0,South,0,0
Володимир Крейденко,2,"In May 2024, NABU and SAP notified Kreidenko of suspicion (pidozra) regarding the illegal receipt of housing compensation for an apartment while his father owned a residence in Kyiv.",Servant of the People,Transport,0,0,Zaporizhzhia,0,1,1987,1,Civil Society,1,Active,AI_Verified,0,0,1,0,0,1,0,32,1024,0,0,East,0,0
Володимир Захарченко,0,"No record of VAKS cases, NABU suspicions, or major media investigations regarding corruption or enrichment found in open public registries (Chesno, Bihus.info).",Servant of the People,Law Enforcement,0,0,Dnipro,0,1,1971,1,"System, Business",0,Active,AI_Verified,1,1,0,0,0,2,1,48,2304,0,0,East,0,0
Галина Третьякова,0,"Despite significant public and ethical controversies regarding her statements, there are no active NABU/SAP criminal proceedings or high-profile media investigations (like Bihus.info or Schemes) documenting illegal enrichment or financial corruption.",Servant of the People,Social,0,0,Kharkiv,1,0,1963,1,"Business, Civil Society",1,Active,AI_Verified,0,1,1,0,0,2,1,56,3136,0,0,East,0,0
Вячеслав Рубльов,0,"No evidence found of VAKS criminal cases, NABU/SAP investigations (pidozras), or major investigative journalism reports regarding personal enrichment or illicit assets.",Servant of the People,Budget,0,0,Volyn,1,1,1979,1,System,0,Active,AI_Verified,1,0,0,0,0,1,0,40,1600,0,0,West,0,0
Галина Михайлюк,0,"No records of criminal investigations, VAKS cases, or significant corruption scandals identified in public databases or investigative reports.",Servant of the People,Law Enforcement,0,0,Kyiv,1,0,1987,1,Civil Society,1,Active,AI_Verified,0,0,1,0,0,1,0,32,1024,0,0,Center,0,1
Ганна Бондар,0,"No records of criminal proceedings, NABU suspicions, or significant investigations into illicit enrichment found; she is known for opposing controversial urban planning legislation often linked to corruption.",Servant of the People,State Power,0,0,Kyiv,1,0,1975,1,System,0,Active,AI_Verified,1,0,0,0,0,1,0,44,1936,0,0,Center,0,1
Гео Лерос,1,"Subject of various media investigations and criminal proceedings by the State Bureau of Investigation (SBI) concerning potential tax evasion and the origin of his personal assets, though many are viewed as politically motivated.",Servant of the People,Humanitarian,0,1,Kyiv,1,1,1989,1,Media,1,Active,AI_Verified,0,0,0,1,0,1,0,30,900,0,0,Center,0,1
Ганна Лiчман,0,"Hanna Lichman has no recorded criminal proceedings in the High Anti-Corruption Court (VAKS), no official suspicions from NABU/SAP, and no major investigative media dossiers (like Bihus.info or Schemes) focusing on illicit enrichment or significant conflicts of interest.",Servant of the People,Finance,0,0,Odesa,1,0,1978,0,Business,0,Active,AI_Verified,0,1,0,0,0,1,0,41,1681,0,0,South,0,0
Геннадій Касай,1,Journalistic investigations by Bihus.Info and other outlets highlighted his and his brother's (Pavlo Kasai) links to the Boguslayev/Motor Sich scandal and alleged involvement in defense-related procurement schemes.,Servant of the People,Defense,0,0,Zaporizhzhia,1,1,1972,1,Business,0,Active,AI_Verified,0,1,0,0,0,1,0,47,2209,0,0,East,0,0
Георгій Мазурашу,0,"No official criminal proceedings, NABU pidozras, or major investigative journalism reports (e.g., Bihus.info) regarding illicit enrichment were identified, although he is frequently criticized for legislative populism.",Servant of the People,Humanitarian,0,0,Chernivtsi,0,1,1971,0,"Media, System",0,Active,AI_Verified,1,0,0,1,0,2,1,48,2304,0,0,West,0,0
Денис Герман,0,"No official NABU suspicion, VAKS cases, or widely documented major corruption-related media investigations (like Bihus/Schemes specifically for enrichment) found in the public domain for this MP.",Servant of the People,Budget,0,0,Dnipro,1,1,1981,1,Business,0,Active,AI_Verified,0,1,0,0,0,1,0,38,1444,0,0,East,0,0
Дар‘я Володіна,1,"Volodina was involved in the 2019 corruption scandal concerning the Finance Committee's vote on 'electronic platforms' linked to Anton Yatsenko, which led to polygraph tests for 11 MPs after media reports of alleged bribery.",Servant of the People,Finance,0,0,Kropyvnytskyi,1,0,1991,0,"Media, Business",1,Active,AI_Verified,0,1,0,1,0,2,1,28,784,0,0,Center,0,0
Денис Маслов,0,"No significant corruption allegations, VAKS cases, or NABU investigations found; generally regarded as a professional legal expert within the faction.",Servant of the People,Legal Policy,0,0,Dnipro,1,1,1983,1,"System, Business",1,Active,AI_Verified,1,1,0,0,0,2,1,36,1296,0,0,East,0,0
Вікторія Подгорна,0,"No records of criminal proceedings, NABU suspicions, or significant corruption investigations (Bihus, Schemes) were found in public databases or watchdog reports.",Servant of the People,State Power,0,0,Kyiv,1,0,1969,1,"Civil Society, Outsider",1,Active,AI_Verified,0,0,1,0,0,2,1,50,2500,0,0,Center,0,1
Денис Монастирський,0,"No recorded criminal verdicts, NABU suspicions (pidozra), or documented investigations regarding personal corruption or illegal enrichment.",Servant of the People,Law Enforcement,0,0,Khmelnytskyi,1,1,1980,1,"Civil Society, System",1,Deceased,AI_Verified,1,0,1,0,0,2,1,39,1521,0,0,Other,0,0
Дмитро Кисилевський,0,"No records of criminal proceedings (VAKS), NABU/SAP investigations, or major media scandals involving personal corruption or illegal enrichment.",Servant of the People,Eco,0,0,Dnipro,1,1,1983,1,Business,0,Active,AI_Verified,0,1,0,0,0,1,0,36,1296,0,0,East,0,0
Дмитро Гурін,0,"No record of criminal proceedings, official NABU/SAP charges, or significant media investigations regarding personal corruption or illicit enrichment.",Servant of the People,State Power,0,0,Kyiv,1,1,1982,0,Business,0,Active,AI_Verified,0,1,0,0,0,1,0,37,1369,0,0,Center,0,1
Дмитро Костюк,0,"No formal criminal charges (VAKS), NABU suspects, or verified enrichment investigations. He underwent a voluntary polygraph test in 2019 regarding potential bribes in the Finance Committee but was not charged.",Servant of the People,Agrarian,0,0,Zhytomyr,0,1,1993,0,Media,0,Active,AI_Verified,0,0,0,1,0,1,0,26,676,0,0,Center,0,0
Галина Янченко,0,"No criminal cases, NABU investigations, or significant media corruption scandals identified; previously headed the Anti-Corruption Headquarters NGO.",Servant of the People,Anti-Corruption,0,0,Kyiv,1,0,1988,1,Civil Society,1,Active,AI_Verified,0,0,1,0,0,1,0,31,961,0,0,Center,0,1
Дмитро Любота,0,"No major corruption investigations, criminal cases (NABU/VAKS), or significant integrity violations reported in CHESNO or investigative media.",Servant of the People,Energy,0,0,Kharkiv,0,1,1981,0,Business,0,Active,AI_Verified,0,1,0,0,0,1,0,38,1444,0,0,East,0,0
Дмитро Нальотов,0,"No major NABU criminal cases, official suspicions, or high-profile investigative journalism reports (Bihus/Schemes) documenting specific corruption or illicit enrichment.",Servant of the People,Humanitarian,0,0,Poltava,1,1,1985,0,Business,0,Active,AI_Verified,0,1,0,0,0,1,0,34,1156,0,0,Center,0,0
Дмитро Наталуха,0,"No major corruption investigations from NABU, SAP, or specific enrichments scandals reported by investigative media like Bihus.Info or Schemes.",Servant of the People,Finance,0,0,Kyiv,1,1,1987,1,"Business, System",1,Active,AI_Verified,1,1,0,0,0,2,1,32,1024,0,0,Center,0,1
Дмитро Соломчук,1,"Reported by Chesno for non-personal voting (knopkodavstvo) in September 2019, which is a violation of parliamentary integrity but does not carry a criminal verdict or official NABU pidozra.",Servant of the People,Agrarian,0,0,Rivne,1,1,1980,1,Business,1,Active,AI_Verified,0,1,0,0,0,1,0,39,1521,0,0,Other,0,0
Дмитро Чорний,1,"In 2019, he was among the MPs of the Finance Committee investigated by media and SAP for potentially receiving bribes regarding the abolition of corruption schemes in the valuation of real estate (the 'Yatsenko pads' case).",Servant of the People,Finance,0,0,Dnipro,0,1,1989,0,"Business, System",0,Active,AI_Verified,1,1,0,0,0,2,1,30,900,0,0,East,0,0
Едуард Прощук,1,Media investigations and civic monitors like Chesno have highlighted potential conflicts of interest regarding his family's business involvement in the waste management and energy sectors while serving on the Environmental Policy Committee.,Servant of the People,Eco,0,0,Ivano-Frankivsk,0,1,1983,1,Business,0,Active,AI_Verified,0,1,0,0,0,1,0,36,1296,0,0,West,0,0
Євген Петруняк,1,Identified by NGOs (Chesno) as being involved in the 'valuation platforms' corruption scandal in 2019 and accused of lobbying for tobacco industry interests through legislative amendments.,Servant of the People,Finance,0,0,Lviv,1,1,1977,1,"Business, System",1,Active,AI_Verified,1,1,0,0,0,2,1,42,1764,0,0,West,0,0
Елла Рєпіна,1,"In October 2019, she was among 11 MPs of the Finance Committee suspected of receiving bribes related to electronic platforms (the Yatsenko platforms case), which led to a highly publicized polygraph test; however, no formal criminal charges were proven.",Servant of the People,Finance,0,0,Donetsk,1,0,1973,1,Business,1,Active,AI_Verified,0,1,0,0,0,1,0,46,2116,0,0,East,1,0
Євген Пивоваров,2,"In November 2023, NABU and SAP notified Pyvovarov of suspicion (pidozra) for attempting to bribe the head of the State Agency for Reconstruction (Mustafa Nayyem) with cryptocurrency (Bitcoin).",Servant of the People,Energy,0,0,Kharkiv,1,1,1978,0,Business,0,Active,AI_Verified,0,1,0,0,0,1,0,41,1681,0,0,East,0,0
Євгеній Брагар,0,"While involved in various public scandals (e.g., 'selling a dog for gas'), there are no documented NABU/VAKS cases, official corruption charges, or confirmed investigations regarding unexplained enrichment.",Servant of the People,Humanitarian,0,0,Kyiv,1,1,1994,0,Outsider,1,Active,AI_Verified,0,0,0,0,0,1,0,25,625,0,0,Center,0,1
Єгор Чернєв,0,"No records of criminal investigations (VAKS), NABU suspicions, or significant corruption-related investigations from investigative outlets like Bihus.Info or Schemes have been identified for this MP.",Servant of the People,Defense,0,0,Zaporizhzhia,0,1,1985,1,"Business, Military, Civil Society",1,Active,AI_Verified,0,1,1,0,1,3,1,34,1156,0,0,East,0,0
Євгеній Шевченко,1,"While he was arrested and placed in SIZO in November 2024 for high treason, the corruption-specific score is 1 based on NAZK findings of discrepancies in his 2020 asset declaration and various media investigations (e.g., Bihus.info) regarding his business interests and unexplained enrichment.",Servant of the People,Finance,0,1,Zaporizhzhia,1,1,1983,1,Business,0,Active,AI_Verified,0,1,0,0,0,1,0,36,1296,0,0,East,0,0
Єлизавета Ясько,0,"No records of criminal verdicts, VAKS cases, NABU pidozras, or major corruption-related investigations by investigative journalists are linked to her.",Servant of the People,Foreign,0,0,Kyiv,1,0,1990,1,"Civil Society, Media",1,Active,AI_Verified,0,0,1,1,0,2,1,29,841,0,0,Center,0,1
Єлізавета Богуцька,0,"No formal criminal proceedings, VAKS cases, or NAZK protocols for corruption/unlawful enrichment have been documented in monitoring databases like Chesno.",Servant of the People,Humanitarian,0,0,Crimea,1,0,1964,0,"Civil Society, Media",1,Active,AI_Verified,0,0,1,1,0,2,1,55,3025,0,0,South,1,0
Денис Малюська,0,"No criminal verdicts, formal NABU/SAP pidozras, or significant media investigations regarding illicit enrichment or corruption were identified during his tenure.",Servant of the People,Legal Policy,0,0,Khmelnytskyi,0,1,1981,1,"Business, Civil Society",1,Terminated,AI_Verified,0,1,1,0,0,2,1,38,1444,0,0,Other,0,0
Дмитро Микиша,0,"No high-profile criminal cases, NABU pidozras, or significant media investigations into illicit enrichment found; maintains a clean profile regarding VAKS proceedings.",Servant of the People,State Power,0,0,Kharkiv,0,1,1988,1,System,0,Active,AI_Verified,1,0,0,0,0,1,0,31,961,0,0,East,0,0
Зіновій Андрійович,0,"No criminal cases, VAKS proceedings, or documented corruption-related NABU investigations found during his parliamentary tenure.",Servant of the People,Budget,0,0,Ivano-Frankivsk,0,1,1972,1,System,0,Terminated,AI_Verified,1,0,0,0,0,1,0,47,2209,0,0,West,0,0
Ігор Василів,0,"No significant criminal convictions, NABU/SAP investigations, or high-profile corruption scandals identified in investigative media like Bihus.info or Schemes.",Servant of the People,Transport,0,0,Ternopil,1,1,1979,1,"Business, Civil Society",0,Active,AI_Verified,0,1,1,0,0,2,1,40,1600,0,0,West,0,0
Іван Шинкаренко,1,"Identified by monitoring organizations such as Chesno and media investigations regarding legislative lobbying linked to the tobacco industry, which constitutes a potential conflict of interest/integrity concern.",Servant of the People,Anti-Corruption,0,0,Kyiv,1,1,1986,1,Business,1,Active,AI_Verified,0,1,0,0,0,1,0,33,1089,0,0,Center,0,1
Ігор Копитін,0,"No major corruption-related criminal cases, official NABU charges, or significant media investigations into enrichment or conflict of interest were found.",Servant of the People,Defense,0,0,Mykolaiv,1,1,1981,1,Business,0,Active,AI_Verified,0,1,0,0,0,1,0,38,1444,0,0,South,0,0
Ігор Васильєв,0,"No significant records of criminal cases, NABU investigations, or high-profile media scandals regarding corruption or unexplained wealth.",Servant of the People,Humanitarian,0,0,Poltava,1,1,1984,0,Business,0,Active,AI_Verified,0,1,0,0,0,1,0,35,1225,0,0,Center,0,0
Ігор Кривошеєв,0,"No significant evidence of criminal proceedings, NABU/SAP suspicions, or confirmed investigations into illegal enrichment/corruption found in public records or major media investigations.",Servant of the People,Eco,0,1,Zakarpattia,1,1,1985,0,"Business, Outsider",1,Active,AI_Verified,0,1,0,0,0,2,1,34,1156,0,0,West,0,0
Іван Калаур,0,"No record of corruption investigations, NABU/SAP proceedings, or significant integrity scandals found in investigative databases such as Bihus.Info, Schemes, or the Chesno movement.",Servant of the People,Legal Policy,0,0,Ternopil,0,1,1968,1,Outsider,1,Active,AI_Verified,0,0,0,0,0,1,0,51,2601,0,0,West,0,0
Ігор Негулевський,2,"In early 2024, NABU and SAP notified the MP of a suspicion (pidozra) regarding an attempt to bribe the Minister of Infrastructure.",Servant of the People,Transport,0,0,Mykolaiv,0,1,1983,1,Business,0,Active,AI_Verified,0,1,0,0,0,1,0,36,1296,0,0,South,0,0
Ігор Марчук,0,"No significant corruption investigations, NABU/SAP charges, or major investigative media scandals involving illicit enrichment or conflicts of interest have been documented for this MP.",Servant of the People,Finance,0,0,Khmelnytskyi,0,1,1971,1,Business,0,Active,AI_Verified,0,1,0,0,0,1,0,48,2304,0,0,Other,0,0
Ірина Борзова,1,"Journalistic investigations (e.g., Slidstvo.info) highlighted her ownership of a restaurant business in Crimea (Profile-N) that was re-registered under Russian law after the 2014 occupation.",Servant of the People,Humanitarian,0,0,Vinnytsia,1,0,1982,1,Business,0,Active,AI_Verified,0,1,0,0,0,1,0,37,1369,0,0,Center,0,0
Ірина Венедіктова,1,Faced media investigations by BIHUS.info and Schemes regarding the non-declaration of luxury property (Hublot watches) and the use of government residences (Pushcha-Vodytsya) at undervalued rates.,Servant of the People,Legal Policy,0,0,Kharkiv,1,0,1978,1,System,1,Terminated,AI_Verified,1,0,0,0,0,1,0,41,1681,0,0,East,0,0
Ірина Верещук,1,"Subject to media investigations and political criticism concerning land allocation during her mayoral term in Rava-Ruska and specific political affiliations, though she lacks formal NABU pidozras or criminal verdicts.",Servant of the People,Defense,0,0,Lviv,0,0,1979,1,"System, Military",1,Terminated,AI_Verified,1,0,0,0,1,2,1,40,1600,0,0,West,0,0
Лада Булах,0,"No records found of criminal proceedings (VAKS), NAZK administrative protocols, or significant media investigations into illicit enrichment as of late 2023.",Servant of the People,Social,0,0,Kyiv,1,0,1976,0,Civil Society,1,Active,AI_Verified,0,0,1,0,0,1,0,43,1849,0,0,Center,0,1
Ігор Фріс,1,"Identified by anti-corruption watchdogs like Chesno for potential conflicts of interest regarding legislation benefiting the notary profession, where he maintained business interests.",Servant of the People,Legal Policy,0,0,Ivano-Frankivsk,1,1,1973,1,Business,0,Active,AI_Verified,0,1,0,0,0,1,0,46,2116,0,0,West,0,0
Леся Забуранна,0,"No criminal cases in VAKS, NABU pidozras, or major documented investigative journalism pieces regarding illicit enrichment or corruption scandals have been identified.",Servant of the People,Budget,0,0,Kyiv,1,0,1981,1,Outsider,0,Active,AI_Verified,0,0,0,0,0,1,0,38,1444,0,0,Center,0,1
Любов Шпак,0,"No records of criminal verdicts, NABU suspicions, or significant investigative reports from Bihus.Info or Schemes regarding personal enrichment or corruption-related conflict of interest.",Servant of the People,Budget,0,0,Cherkasy,1,0,1980,1,Outsider,0,Active,AI_Verified,0,0,0,0,0,1,0,39,1521,0,0,Center,0,0
Максим Гузенко,2,"In February 2023, NABU and SAP notified him of suspicion (pidozra) regarding the omission of assets worth approximately 1.9 million UAH in his 2020 electronic declaration.",Servant of the People,Agrarian,0,0,Sumy,0,1,1981,0,Business,0,Active,AI_Verified,0,1,0,0,0,1,0,38,1444,0,0,North,0,0
Людмила Буймістер,1,"Significant media investigations (Chesno, Bihus.info) regarding lobbying for DTEK/Akhmetov energy interests and NAZK findings of minor declaration discrepancies.",Servant of the People,Eco,0,1,Kyiv,1,0,1985,1,Business,0,Active,AI_Verified,0,1,0,0,0,1,0,34,1156,0,0,Center,0,1
Валентина Короленко,0,"No documented criminal investigations, NABU/SAP charges, or major investigative journalism reports regarding corruption or illicit enrichment were identified.",Servant of the People,Legal Policy,0,0,Dnipro,0,0,1984,1,System,1,Active,AI_Verified,1,0,0,0,0,1,0,35,1225,0,0,East,0,0
Максим Заремський,0,"No major criminal proceedings, VAKS cases, or formal corruption-related investigations by NABU/SAP have been documented for this MP.",Servant of the People,Budget,0,0,Chernivtsi,0,1,1991,1,System,0,Active,AI_Verified,1,0,0,0,0,1,0,28,784,0,0,West,0,0
Максим Дирдін,0,"No records of criminal cases (VAKS), official corruption protocols from NAZK, or major investigative media reports (Bihus/Schemes) concerning illicit enrichment or conflicts of interest.",Servant of the People,Legal Policy,0,0,Mykolaiv,0,1,1982,1,System,0,Active,AI_Verified,1,0,0,0,0,1,0,37,1369,0,0,South,0,0
Максим Зуєв,0,"No documented evidence of NABU pidozras, VAKS criminal proceedings, or major investigative media reports (e.g., Bihus.info, Schemes) specifically detailing illicit enrichment or corruption-related conflict of interest.",Servant of the People,Transport,0,0,Dnipro,1,1,1982,1,"Media, Business",0,Active,AI_Verified,0,1,0,1,0,2,1,37,1369,0,0,East,0,0
Максим Перебийніс,0,"No record of criminal prosecution, NABU/SAP suspicions, or significant corruption-related media investigations as of the current reporting period.",Servant of the People,Social,0,0,Kyiv,1,1,1974,0,Business,0,Active,AI_Verified,0,1,0,0,0,1,0,45,2025,0,0,Center,0,1
Максим Пашковський,2,"In December 2022, NABU and SAP informed Pashkovskyi of a suspicion (pidozra) for failing to include a rented apartment in Kyiv in his 2020 asset declaration. The case was later sent to the High Anti-Corruption Court (VAKS).",Servant of the People,Transport,0,0,Vinnytsia,1,1,1983,1,Business,0,Active,AI_Verified,0,1,0,0,0,1,0,36,1296,0,0,Center,0,0
Марина Нікітіна,2,"In 2020, the Pechersk District Court found her guilty of an administrative corruption-related offense for a conflict of interest after she appointed her husband as her parliamentary assistant.",Servant of the People,Agrarian,0,0,Zaporizhzhia,0,0,1986,1,Business,0,Active,AI_Verified,0,1,0,0,0,1,0,33,1089,0,0,East,0,0
Марина Бардіна,0,"No records of criminal investigations, VAKS cases, or significant corruption scandals found in public databases such as Chesno, NABU, or SAP.",Servant of the People,Foreign,0,0,Kyiv,0,0,1992,1,Civil Society,1,Active,AI_Verified,0,0,1,0,0,1,0,27,729,0,0,Center,0,1
Марія Мезенцева,0,"No significant corruption-related investigations by NABU, SAP, or major investigative outlets like Bihus.Info have been recorded against her.",Servant of the People,Foreign,0,0,Kharkiv,1,0,1989,1,Civil Society,0,Active,AI_Verified,0,0,1,0,0,1,0,30,900,0,0,East,0,0
Марян Заблоцький,1,Subject of media investigations regarding potential conflict of interest and lobbying for tobacco and agricultural business groups.,Servant of the People,Finance,0,0,Lviv,1,1,1985,1,"Business, Civil Society",1,Active,AI_Verified,0,1,1,0,0,2,1,34,1156,0,0,West,0,0
Микола Кириченко,2,"In early 2023, NABU and SAP notified him of suspicion (pidozra) for failing to declare property worth 1.7 million UAH. The case was referred to the High Anti-Corruption Court (VAKS) and later closed in June 2023 due to the expiration of the statute of limitations.",Servant of the People,Agrarian,0,0,Kharkiv,0,1,1983,0,Business,0,Active,AI_Verified,0,1,0,0,0,1,0,36,1296,0,0,East,0,0
Микола Задорожній,2,"In July 2024, NABU and SAP notified him of suspicion (pidozra) for allegedly requesting a 3.4 million UAH bribe (kickback) in exchange for allocating budget subventions for infrastructure repairs in the Sumy region.",Servant of the People,Budget,0,1,Kyiv,0,1,1984,0,Media,0,Active,AI_Verified,0,0,0,1,0,1,0,35,1225,0,0,Center,0,1
Микола Сольський,3,"In April 2024, NABU/SAP served him a suspicion (pidozra) regarding the illegal seizure of state land. The High Anti-Corruption Court (VAKS) ordered detention with a 75.7 million UAH bail, which was subsequently paid.",Servant of the People,Agrarian,0,0,Lviv,0,1,1979,1,Business,1,Terminated,AI_Verified,0,1,0,0,0,1,0,40,1600,0,0,West,0,0
Костянтин Касай,0,"No official criminal charges or NABU suspicions (pidozra) have been filed. While media reports have noted his business interests in road construction, no specific investigations into illegal enrichment or conflict of interest by high-profile outlets like Bihus/Schemes were confirmed.",Servant of the People,Human Rights,0,0,Poltava,1,1,1983,0,Business,0,Active,AI_Verified,0,1,0,0,0,1,0,36,1296,0,0,Center,0,0
Микола Тищенко,2,Formally served a suspicion (pidozra) by the DBR and Prosecutor General in June 2024; also subject to multiple media investigations regarding conflict of interest and enrichment by Bihus.info and Schemes.,Servant of the People,Transport,0,1,Kyiv,1,1,1972,0,"Business, Media",0,Active,AI_Verified,0,1,0,1,0,2,1,47,2209,0,0,Center,0,1
Максим Павлюк,1,"Widely reported in media for declaring millions in 'lottery winnings' (nearly 2 million UAH), which watchdogs like Chesno and Bihus.info highlight as a potential scheme for legalizing illicit enrichment.",Servant of the People,Law Enforcement,0,0,Chernivtsi,0,1,1992,1,System,1,Active,AI_Verified,1,0,0,0,0,1,0,27,729,0,0,West,0,0
Михайло Ананченко,0,"No verified criminal cases, NABU pidozras, or major investigative media exposés regarding corruption were found for this MP.",Servant of the People,Foreign,0,0,Sumy,1,1,1994,1,Civil Society,1,Active,AI_Verified,0,0,1,0,0,1,0,25,625,0,0,North,0,0
Михайло Лаба,0,"No significant evidence of criminal proceedings (VAKS), official corruption charges (NABU), or high-profile media investigations into illicit enrichment were identified.",Servant of the People,Budget,0,0,Zakarpattia,0,1,1975,1,"Business, System",0,Active,AI_Verified,1,1,0,0,0,2,1,44,1936,0,0,West,0,0
Микола Стефанчук,0,"No evidence of VAKS cases, NABU suspects, or significant media investigations regarding corruption or illegal enrichment.",Servant of the People,Legal Policy,0,0,Khmelnytskyi,1,1,1981,1,System,0,Active,AI_Verified,1,0,0,0,0,1,0,38,1444,0,0,Other,0,0
Іван Юнаков,0,"No major criminal verdicts, official corruption suspicions (pidozra) from NABU/SAP, or documented enrichment scandals in investigative media found for this MP.",Servant of the People,State Power,0,0,Kyiv,1,1,1984,0,Business,1,Active,AI_Verified,0,1,0,0,0,1,0,35,1225,0,0,Center,0,1
Неллі Яковлєва,0,"No recorded criminal proceedings, VAKS cases, or significant corruption investigations found in public registries or investigative media like Bihus.info or Schemes.",Servant of the People,Humanitarian,0,0,Kyiv,0,0,1985,1,"Civil Society, Outsider",1,Active,AI_Verified,0,0,1,0,0,2,1,34,1156,0,0,Center,0,1
Оксана Гринчук,0,"No official criminal charges, NABU suspicions, or major investigative reports regarding corruption or illicit enrichment have been identified.",Servant of the People,Transport,0,0,Chernivtsi,1,0,1979,0,Business,1,Active,AI_Verified,0,1,0,0,0,1,0,40,1600,0,0,West,0,0
Оксана Дмитрієва,0,"No formal criminal proceedings, VAKS cases, or NAZK corruption protocols identified in public records.",Servant of the People,Humanitarian,0,0,Dnipro,1,0,1980,0,Business,1,Active,AI_Verified,0,1,0,0,0,1,0,39,1521,0,0,East,0,0
Олег Арсенюк,0,"No significant evidence of criminal proceedings (VAKS), NABU/SAP suspicions, or prominent media investigations regarding illegal enrichment or corruption were found.",Servant of the People,Social,0,0,Cherkasy,1,1,1986,1,Business,0,Active,AI_Verified,0,1,0,0,0,1,0,33,1089,0,0,Center,0,0
Олег Бондаренко,0,"No documented criminal verdicts, official NABU suspicions, or high-profile media investigations into illegal enrichment or conflict of interest were found.",Servant of the People,Eco,0,0,Kharkiv,1,1,1975,1,"Business, Civil Society",1,Active,AI_Verified,0,1,1,0,0,2,1,44,1936,0,0,East,0,0
Михайло Новіков,0,"No major corruption investigations, VAKS cases, or NAZK protocols identified in public records or media monitoring.",Servant of the People,Legal Policy,0,0,Kyiv,0,1,1958,1,"System, Business",1,Active,AI_Verified,1,1,0,0,0,2,1,61,3721,0,0,Center,0,1
Олег Дунда,1,"Reported in media investigations (Chesno, Bihus.info) for participating in 'amendment spamming' (specifically against the 'anti-Kolomoisky' banking law) and alleged links to the Privat Group business interests.",Servant of the People,State Power,0,0,Dnipro,1,1,1980,1,Business,0,Active,AI_Verified,0,1,0,0,0,1,0,39,1521,0,0,East,0,0
Олег Семінський,1,Featured in media investigations by 'Schemes' (Radio Liberty) regarding audio recordings detailing his involvement in corporate conflicts and alleged influence over judicial processes in the energy sector.,Servant of the People,Energy,0,0,Kyiv,0,1,1973,1,Business,0,Active,AI_Verified,0,1,0,0,0,1,0,46,2116,0,0,Center,0,1
Олег Воронько,3,"In early 2022, the State Bureau of Investigation (SBI) conducted searches and investigations into Voronko regarding allegations of fraud and extortion of $40,000 and the use of forged documents.",Servant of the People,Finance,0,1,Kirovohrad,0,1,1974,1,Business,0,Active,AI_Verified,0,1,0,0,0,1,0,45,2025,0,0,Center,0,0
Олег Тарасов,1,Identified by media investigations (Bihus.info) and NGOs like Chesno for potential conflicts of interest and lobbying for family-owned agricultural businesses while serving on the Agrarian Committee.,Servant of the People,Agrarian,0,0,Kirovohrad,1,1,1984,1,Business,1,Active,AI_Verified,0,1,0,0,0,1,0,35,1225,0,0,Center,0,0
Олег Колєв,0,"No major corruption scandals, VAKS cases, or official NAZK protocols identified in public records.",Servant of the People,Law Enforcement,0,0,Odesa,0,1,1973,1,"Business, Media",0,Active,AI_Verified,0,1,0,1,0,2,1,46,2116,0,0,South,0,0
Олександр Бакумов,0,"No records found in VAKS (Anti-Corruption Court) cases, NABU/SAP investigations, or major media reports regarding illicit enrichment as of late 2023.",Servant of the People,Law Enforcement,0,0,Kharkiv,1,1,1989,1,"System, Business",0,Active,AI_Verified,1,1,0,0,0,2,1,30,900,0,0,East,0,0
Олександр Аліксійчук,1,"Publicly scrutinized in media investigations (e.g. Chesno, Bihus.info) regarding his receipt of state housing compensation despite his background as a wealthy businessman and potential conflict of interest/lobbying in the construction sector.",Servant of the People,State Power,0,0,Rivne,0,1,1981,0,Business,0,Active,AI_Verified,0,1,0,0,0,1,0,38,1444,0,0,Other,0,0
Олександр Гайду,2,NAZK (National Agency on Corruption Prevention) issued an administrative protocol for a conflict of interest following an incident in 2022 where he reportedly used his deputy powers for personal reasons at an Odesa restaurant.,Servant of the People,Agrarian,0,0,Mykolaiv,1,1,1976,1,Business,0,Active,AI_Verified,0,1,0,0,0,1,0,43,1849,0,0,South,0,0
Михайло Крячко,0,"No significant criminal cases, official corruption charges from NABU/SAP, or high-profile media investigations into illicit enrichment found for this MP.",Servant of the People,State Power,0,0,Zaporizhzhia,1,1,1980,1,"System, Business",1,Active,AI_Verified,1,1,0,0,0,2,1,39,1521,0,0,East,0,0
Олександр КОВАЛЬЧУК,0,"No significant criminal investigations, official corruption charges, or NABU/VAKS cases found in public anti-corruption registries for this MP.",Servant of the People,Finance,0,0,Rivne,1,1,1974,1,"Business, Civil Society",0,Active,AI_Verified,0,1,1,0,0,2,1,45,2025,0,0,Other,0,0
Олександр Горенюк,0,"No significant corruption-related criminal cases, NABU/SAP suspicions, or major investigative journalism reports concerning illegal enrichment were identified as of the latest public records.",Servant of the People,Transport,0,0,Odesa,1,1,1991,1,"Business, Civil Society",0,Active,AI_Verified,0,1,1,0,0,2,1,28,784,0,0,South,0,0
Антон Швачко,1,"Investigated by NABU and media (Bihus.info) regarding unexplained assets, specifically a 5 million UAH gift from his mother which did not match her official income.",Servant of the People,Rules,0,0,Sumy,1,1,1992,1,Business,1,Active,AI_Verified,0,1,0,0,0,1,0,27,729,0,0,North,0,0
Олександр Кубраков,1,"While he notably acted as a whistleblower for NABU in bribery cases, his leadership of 'Great Construction' (Velyke Budivnytstvo) was subject to numerous media investigations regarding cartel-like structures and inflated road costs.",Servant of the People,Transport,0,0,Dnipropetrovsk,0,1,1982,1,"Business, System",1,Terminated,AI_Verified,1,1,0,0,0,2,1,37,1369,0,0,East,0,0
Олександр Васюк,0,"No documented corruption investigations, official suspicions from NABU/SAP, or major media scandals (Bihus/Schemes) involving illicit enrichment or conflict of interest were found.",Servant of the People,Legal Policy,0,0,Zaporizhzhia,1,1,1994,1,"Business, Civil Society",1,Active,AI_Verified,0,1,1,0,0,2,1,25,625,0,0,East,0,0
Олександр Маріковський,2,"In early 2023, NABU and SAP notified Marikovskyi of a suspicion (pidozra) regarding the inclusion of false information in his 2020 asset declaration, specifically failing to disclose a vehicle.",Servant of the People,Eco,0,0,Kyiv,1,1,1982,1,"Business, Media",1,Active,AI_Verified,0,1,0,1,0,2,1,37,1369,0,0,Center,0,1
Олександр Салійчук,0,"No major criminal proceedings, VAKS cases, or significant investigative media reports (Bihus/Schemes) involving corruption or illegal enrichment have been documented for this MP.",Servant of the People,Agrarian,0,0,Rivne,0,1,1981,1,Business,1,Active,AI_Verified,0,1,0,0,0,1,0,38,1444,0,0,Other,0,0
Олександр Мережко,0,"No criminal cases, NAZK protocols, or major corruption investigations by investigative media outlets like Bihus.Info or Schemes have been reported.",Servant of the People,Foreign,0,0,Kyiv,0,1,1971,1,Outsider,1,Active,AI_Verified,0,0,0,0,0,1,0,48,2304,0,0,Center,0,1
Олександр Санченко,0,"No major corruption scandals, NABU investigations, or criminal proceedings identified in public records.",Servant of the People,Humanitarian,0,0,Sumy,1,1,1988,1,"Business, Civil Society",1,Active,AI_Verified,0,1,1,0,0,2,1,31,961,0,0,North,0,0
Олександр Скічко,0,"No criminal proceedings, NABU/SAP official suspicions, or major anti-corruption media investigations (like Schemes or Bihus) regarding illicit enrichment while in office were confirmed.",Servant of the People,Transport,0,0,Cherkasy,1,1,1991,1,Media,0,Terminated,AI_Verified,0,0,0,1,0,1,0,28,784,0,0,Center,0,0
Олександр Сова,1,Reported potential conflicts of interest by media outlets and anti-corruption watchdogs (e.g. Chesno) regarding his position on the Finance Committee while owning the SOVA jewelry business.,Servant of the People,Finance,0,0,Khmelnytskyi,0,1,1972,0,Business,1,Active,AI_Verified,0,1,0,0,0,1,0,47,2209,0,0,Other,0,0
Олександр Ткаченко,1,"Investigative journalists from Bihus.info reported on his use of a residence on Trukhaniv Island in a protected area, which was not initially declared and raised zoning compliance issues.",Servant of the People,Humanitarian,0,0,Kyiv,1,1,1966,0,"Media, Business",1,Terminated,AI_Verified,0,1,0,1,0,2,1,53,2809,0,0,Center,0,1
Олексій Ковальов,3,Declared a suspect for high treason and collaboration with the Russian Federation during the occupation of Kherson; assets were seized by VAKS and ARMA.,Servant of the People,Finance,0,1,Kherson,0,1,1989,1,Business,0,Deceased,AI_Verified,0,1,0,0,0,1,0,30,900,0,0,South,0,0
Олександр Федієнко,0,"No records of criminal proceedings at VAKS, NABU pidozras, or major corruption-related investigative media reports (Bihus/Schemes) involving personal enrichment or conflict of interest.",Servant of the People,Transport,0,0,Kyiv,1,1,1972,0,Business,1,Active,AI_Verified,0,1,0,0,0,1,0,47,2209,0,0,Center,0,1
Олександр Качура,1,"Media investigations have highlighted his past legal work for Viktor Medvedchuk's 'Ukrainian Choice' and other controversial figures, though no formal criminal corruption charges (NABU/VAKS) are active.",Servant of the People,State Power,0,0,Kyiv,0,1,1990,1,Business,1,Active,AI_Verified,0,1,0,0,0,1,0,29,841,0,0,Center,0,1
Олександр Літвінов,0,"No records found of criminal proceedings (VAKS), NABU/SAP suspicions, or major investigative journalism reports identifying specific corruption schemes or illicit enrichment.",Servant of the People,State Power,0,0,Kharkiv,0,1,1972,1,System,0,Active,AI_Verified,1,0,0,0,0,1,0,47,2209,0,0,East,0,0
Олексій Кучер,2,"In December 2023, NABU and SAP informed Kucher of a suspicion (pidozra) regarding the declaration of false information, specifically related to his claims of owning Bitcoin (worth approx. 13 million UAH) which were not verified during investigation.",Servant of the People,Legal Policy,0,0,Kharkiv,0,1,1985,1,Business,0,Terminated,AI_Verified,0,1,0,0,0,1,0,34,1156,0,0,East,0,0
Олексій Леонов,1,Subject of media investigations by outlets like Bihus.info regarding legislative lobbying in the tobacco sector and undisclosed business interests in Odesa.,Servant of the People,Finance,0,0,Odesa,1,1,1983,1,Business,0,Active,AI_Verified,0,1,0,0,0,1,0,36,1296,0,0,South,0,0
Олексій Мовчан,1,"Subject of media investigations regarding potential nepotism (nephew of MP Yuriy Shapovalov) and lobbying for legislative changes related to the 'electronic platforms' for real estate valuation, which were criticized for creating corruption risks.",Servant of the People,Finance,0,0,Poltava,0,1,1994,1,"Civil Society, Business",0,Active,AI_Verified,0,1,1,0,0,2,1,25,625,0,0,Center,0,0
Олексій Оржель,0,"No records of criminal corruption cases, NABU/SAP suspicions, or significant media investigations regarding illicit enrichment found.",Servant of the People,Energy,0,0,Kyiv,1,1,1984,0,"Civil Society, System",1,Terminated,AI_Verified,1,0,1,0,0,2,1,35,1225,0,0,Center,0,1
Олексій Устенко,0,"No recorded criminal cases, NABU/SAP suspicions, or major media investigations (Bihus/Schemes) specifically detailing personal enrichment or conflict of interest have been verified.",Servant of the People,Finance,0,0,Kyiv,1,1,1994,1,Business,1,Active,AI_Verified,0,1,0,0,0,1,0,25,625,0,0,Center,0,1
Олена Копанчук,0,"No criminal cases or official corruption charges (NABU/SAP) are registered. While she was the first MP in the 9th convocation caught in a non-personal voting (button-pushing) scandal, it does not meet the enrichment/corruption criteria defined for scores 1-3.",Servant of the People,Budget,0,0,Khmelnytskyi,1,0,1978,1,Business,0,Active,AI_Verified,0,1,0,0,0,1,0,41,1681,0,0,Other,0,0
Олена Криворучкіна,1,"Subject of media investigations regarding potential conflicts of interest and unexplained wealth disparities in declarations, although no formal criminal charges (VAKS/NABU) have been finalized.",Servant of the People,Eco,0,0,Dnipro,0,0,1971,1,Outsider,0,Active,AI_Verified,0,0,0,0,0,1,0,48,2304,0,0,East,0,0
Олена Лис,0,"No records of criminal corruption cases, NABU pidozras, or significant media investigations regarding illicit enrichment as of late 2023.",Servant of the People,Humanitarian,0,0,Chernivtsi,1,0,1981,0,Outsider,0,Active,AI_Verified,0,0,0,0,0,1,0,38,1444,0,0,West,0,0
Олена Хоменко,0,"No significant corruption scandals or criminal proceedings identified in NABU, SAP, or investigative media (Bihus/Schemes) records.",Servant of the People,Foreign,0,0,Kyiv,1,0,1975,1,Business,1,Active,AI_Verified,0,1,0,0,0,1,0,44,1936,0,0,Center,0,1
Олексій Кузнєцов,0,"No major criminal proceedings, NABU investigations, or significant media corruption scandals recorded.",Servant of the People,Human Rights,0,0,Luhansk,0,1,1979,1,Business,0,Active,AI_Verified,0,1,0,0,0,1,0,40,1600,0,0,East,1,0
Ольга Василевська-Смаглюк,1,"Chesno and media investigations (Bihus.info) link her to the 'Kolomoisky group' and highlight legislative lobbying efforts, though she lacks formal criminal charges or VAKS cases.",Servant of the People,Finance,0,0,Kyiv,0,0,1985,0,Media,0,Active,AI_Verified,0,0,0,1,0,1,0,34,1156,0,0,Center,0,1
Ольга Коваль,0,"No records found of criminal proceedings, official suspicions from NABU/SAP, or credible media investigations into corruption or illegal enrichment.",Servant of the People,Humanitarian,0,0,Kyiv,1,0,1991,1,Outsider,1,Active,AI_Verified,0,0,0,0,0,1,0,28,784,0,0,Center,0,1
Ольга Руденко,0,"No significant corruption scandals, NABU investigations, or criminal proceedings found in public records or investigative media databases like Bihus.info or Chesno.",Servant of the People,Foreign,0,0,Kyiv,1,0,1979,1,Business,1,Active,AI_Verified,0,1,0,0,0,1,0,40,1600,0,0,Center,0,1
Ольга Саладуха,0,"No significant corruption investigations, NABU pidozra, or VAKS cases found. Public monitoring by Chesno identifies no major integrity violations.",Servant of the People,Humanitarian,0,0,Donetsk,1,0,1983,0,Outsider,1,Active,AI_Verified,0,0,0,0,0,1,0,36,1296,0,0,East,1,0
ОЛЕНА МОШЕНЕЦЬ,0,"No major corruption-related criminal cases (VAKS), NABU/SAP investigations, or official NAZK integrity protocols found in public records.",Servant of the People,Anti-Corruption,0,0,Kyiv,1,0,1983,1,Media,1,Active,AI_Verified,0,0,0,1,0,1,0,36,1296,0,0,Center,0,1
Павел Якименко,1,Media investigations and civil society monitoring (e.g. Chesno) have highlighted potential conflicts of interest and lobbying related to sand extraction businesses in the Kharkiv region.,Servant of the People,Eco,0,0,Kharkiv,1,1,1989,1,Business,1,Active,AI_Verified,0,1,0,0,0,1,0,30,900,0,0,East,0,0
Ольга Совгиря,0,"No documented criminal investigations by NABU/SAP, official NAZK protocols for corruption, or high-profile media investigations into illegal enrichment.",Servant of the People,Legal Policy,0,0,Kyiv,1,0,1980,1,System,1,Terminated,AI_Verified,1,0,0,0,0,1,0,39,1521,0,0,Center,0,1
Остап Шипайло,0,"No records of criminal verdicts (VAKS), NABU suspicion (pidozra), or major documented media investigations regarding illegal enrichment found in public registries.",Servant of the People,Energy,0,0,Lviv,1,1,1982,1,Business,1,Active,AI_Verified,0,1,0,0,0,1,0,37,1369,0,0,West,0,0
Павло Сушко,0,"No records found of criminal proceedings by VAKS, NABU pidozras, or specific media investigations regarding illicit enrichment or conflicts of interest.",Servant of the People,Humanitarian,0,0,Kharkiv,0,1,1979,0,"Military, Business, Media",1,Active,AI_Verified,0,1,0,1,1,3,1,40,1600,0,0,East,0,0
Павло Павліш,0,"No high-profile criminal investigations (VAKS), NABU suspicions, or documented evidence of illegal enrichment in major media investigations found.",Servant of the People,Legal Policy,0,0,Kherson,0,1,1979,1,Business,0,Active,AI_Verified,0,1,0,0,0,1,0,40,1600,0,0,South,0,0
Павло Фролов,0,"No major corruption investigations, pidozra from NABU, or significant enrichment scandals reported by investigative outlets like Bihus or Schemes.",Servant of the People,Rules,0,0,Dnipro,0,1,1975,1,System,1,Active,AI_Verified,1,0,0,0,0,1,0,44,1936,0,0,East,0,0
Олексій Красов,0,"No significant evidence of criminal proceedings, NABU suspicions, or major media investigations into illicit enrichment or corruption were found for this MP.",Servant of the People,Anti-Corruption,0,0,Kharkiv,1,1,1987,1,Business,0,Active,AI_Verified,0,1,0,0,0,1,0,32,1024,0,0,East,0,0
Роксолана Підласа,0,"No records of criminal investigations by NABU, SAP, or VAKS, and no significant media-verified scandals involving illicit enrichment or conflict of interest.",Servant of the People,Budget,0,0,Cherkasy,1,0,1991,1,"System, Civil Society",1,Active,AI_Verified,1,0,1,0,0,2,1,28,784,0,0,Center,0,0
Роман Грищук,0,"No significant corruption investigations, criminal cases (NABU/SAP), or VAKS proceedings identified; maintains a relatively clean profile regarding integrity.",Servant of the People,Humanitarian,0,0,Kyiv,1,1,1989,0,"Media, Business",0,Active,AI_Verified,0,1,0,1,0,2,1,30,900,0,0,Center,0,1
Роман Соха,0,"No record of VAKS criminal cases, NABU pidozras, or high-profile investigative journalism reports by Bihus.info or Schemes regarding personal enrichment or bribery.",Servant of the People,Transport,0,1,Zaporizhzhia,1,1,1975,0,Business,0,Active,AI_Verified,0,1,0,0,0,1,0,44,1936,0,0,East,0,0
Роман Каптєлов,0,"No official criminal proceedings, VAKS cases, or NABU/SAP suspects were identified in public anti-corruption registries or major investigative reports.",Servant of the People,Budget,0,0,Poltava,1,1,1980,0,"Business, System",0,Active,AI_Verified,1,1,0,0,0,2,1,39,1521,0,0,Center,0,0
Роман Бабій,0,"No documented corruption investigations, NABU suspicions, or VAKS cases found in public registries or major investigative media.",Servant of the People,Legal Policy,0,0,Lviv,0,1,1977,1,Business,1,Active,AI_Verified,0,1,0,0,0,1,0,42,1764,0,0,West,0,0
Святослав Юраш,0,"No records of official corruption charges (NABU/SAP), VAKS verdicts, or documented illicit enrichment investigations by major media outlets (Bihus.info/Schemes) found in public registries.",Servant of the People,Foreign,0,0,Lviv,1,1,1996,1,"Civil Society, Media",1,Active,AI_Verified,0,0,1,1,0,2,1,23,529,0,0,West,0,0
Ростислав Тістик,1,"Media investigations (notably by Chesno and Nashi Groshi) have highlighted concerns regarding his family's business influence in Lviv and the rapid growth of assets, though he has no criminal convictions or official pidozra.",Servant of the People,Budget,0,0,Lviv,1,1,1993,1,"Business, System",1,Active,AI_Verified,1,1,0,0,0,2,1,26,676,0,0,West,0,0
Руслан Горбенко,1,Target of media investigations by Nashi Groshi and Bihus.info regarding overpriced tire contracts between his company Intershyna UA and state-owned enterprises.,Servant of the People,Humanitarian,0,0,Luhansk,1,1,1979,1,Business,1,Active,AI_Verified,0,1,0,0,0,1,0,40,1600,0,0,East,1,0
Микола Тарарін,0,"No criminal investigations, NABU suspicions, or significant corruption scandals have been documented since his accession to parliament in 2023.",Servant of the People,Law Enforcement,0,0,Poltava,1,1,1979,1,Business,1,Active,AI_Verified,0,1,0,0,0,1,0,40,1600,0,0,Center,0,0
Сергій Бабак,0,"While involved in high-profile scandals regarding academic plagiarism, he has no recorded criminal verdicts, NABU/SAP suspicions, or media investigations regarding illegal enrichment or corruption-based conflict of interest as defined in the scale.",Servant of the People,Humanitarian,0,0,Kyiv,1,1,1978,1,Civil Society,1,Active,AI_Verified,0,0,1,0,0,1,0,41,1681,0,0,Center,0,1
Роман Іванісов,1,Expelled from the presidential faction following media investigations and public scandals regarding a hidden 1990s criminal record; categorized as an integrity violation and lack of transparency regarding past criminal background.,Servant of the People,Anti-Corruption,0,1,Rivne,0,1,1978,1,"Business, System",0,Active,AI_Verified,1,1,0,0,0,2,1,41,1681,0,0,Other,0,0
Сергій Кальченко,0,"No official records of VAKS cases, NABU pidozras, or NAZK corruption protocols found. Maintains a professional reputation as a legal expert.",Servant of the People,Rules,0,0,Kyiv,1,1,1964,1,Business,1,Active,AI_Verified,0,1,0,0,0,1,0,55,3025,0,0,Center,0,1
Сергій Литвиненко,1,First MP of the 9th convocation caught in a non-personal voting (piano-voting) scandal; media reports link him to lobbying interests in the state alcohol industry (Ukrspyrt).,Servant of the People,Agrarian,0,0,Rivne,1,1,1968,1,Business,0,Active,AI_Verified,0,1,0,0,0,1,0,51,2601,0,0,Other,0,0
Сергій Колебошин,0,"No credible corruption investigations by NABU, VAKS, or major investigative media (Bihus.Info/Schemes) have been reported against him.",Servant of the People,Humanitarian,0,0,Odesa,1,1,1977,0,System,0,Active,AI_Verified,1,0,0,0,0,1,0,42,1764,0,0,South,0,0
Сергій Мандзій,1,"Reported by CHESNO for discrepancies in asset declarations and involvement in local political corruption issues in Khmelnytskyi, but no formal criminal pidozra or VAKS cases.",Servant of the People,Eco,0,0,Khmelnytskyi,1,1,1974,1,"Business, System",1,Active,AI_Verified,1,1,0,0,0,2,1,45,2025,0,0,Other,0,0
Сергій Северин,0,"No records of VAKS cases, NABU suspicions, or major media investigations regarding corruption or illicit enrichment were identified.",Servant of the People,Budget,0,0,Dnipro,1,1,1980,1,"System, Business",0,Active,AI_Verified,1,1,0,0,0,2,1,39,1521,0,0,East,0,0
Степан Чернявський,1,Mentioned in media investigations (Chesno) regarding potential conflict of interest due to his ongoing business ties in the meat production industry while serving on the Agrarian Committee.,Servant of the People,Agrarian,0,0,Odesa,0,1,1973,0,Business,0,Active,AI_Verified,0,1,0,0,0,1,0,46,2116,0,0,South,0,0
Сергій Штепа,0,"No records of criminal investigations, NABU suspicions, or high-profile corruption scandals found in public anti-corruption monitoring databases.",Servant of the People,Humanitarian,0,0,Zaporizhzhia,1,1,1990,0,Media,0,Active,AI_Verified,0,0,0,1,0,1,0,29,841,0,0,East,0,0
Сергій Швець,0,"No documented criminal records, NABU/SAP investigations, or major financial corruption scandals identified in media or official registers.",Servant of the People,Humanitarian,0,0,Kyiv,1,1,1976,0,Media,1,Active,AI_Verified,0,0,0,1,0,1,0,43,1849,0,0,Center,0,1
Тарас Тарасенко,0,"No significant records of criminal proceedings, NABU investigations, or major media corruption scandals (Bihus/Schemes) involving illicit enrichment or conflict of interest were found for this MP.",Servant of the People,Social,0,0,Kyiv,0,1,1980,1,Business,1,Active,AI_Verified,0,1,0,0,0,1,0,39,1521,0,0,Center,0,1
Тетяна Циба,0,"No records of criminal investigations, VAKS cases, or significant journalistic corruption exposes regarding illicit enrichment.",Servant of the People,Humanitarian,0,0,Kyiv,1,0,1977,1,"Media, Civil Society",1,Active,AI_Verified,0,0,1,1,0,2,1,42,1764,0,0,Center,0,1
Тетяна Рябуха,2,NABU and SAP notified her of suspicion (pidozra) regarding the non-declaration of an apartment in Sumy worth approximately 2 million UAH in her 2020 declaration.,Servant of the People,Humanitarian,0,0,Sumy,1,0,1984,0,Outsider,0,Active,AI_Verified,0,0,0,0,0,1,0,35,1225,0,0,North,0,0
Федір Веніславський,0,"No record of criminal investigations by NABU/SAP, VAKS court cases, or verified corruption scandals in public monitoring databases such as Chesno or media investigative reports.",Servant of the People,Defense,0,0,Kharkiv,0,1,1969,1,System,1,Active,AI_Verified,1,0,0,0,0,1,0,50,2500,0,0,East,0,0
Юлія Гришина,0,"No evidence of criminal cases, VAKS proceedings, or formal NAZK protocol violations. Public databases like Chesno do not record major corruption investigations involving her.",Servant of the People,Humanitarian,0,0,Kyiv,1,0,1978,1,Outsider,1,Active,AI_Verified,0,0,0,0,0,1,0,41,1681,0,0,Center,0,1
Юлія Діденко,1,Involved in a 2019 media scandal where 11 members of the Finance Committee were accused of taking bribes to block a bill on real estate appraisal platforms; she underwent a public polygraph test as a result.,Servant of the People,Finance,0,0,Odesa,1,0,1978,1,Business,1,Active,AI_Verified,0,1,0,0,0,1,0,41,1681,0,0,South,0,0
Юлія Овчинникова,0,"No records of criminal proceedings, NABU suspicions, or significant corruption investigations found in media databases.",Servant of the People,Eco,0,0,Donetsk,1,0,1985,0,Civil Society,1,Active,AI_Verified,0,0,1,0,0,1,0,34,1156,0,0,East,1,0
Сергiй Демченко,1,"Identified by monitoring groups like Chesno for 'legislative spam' and promoting amendments favoring oligarchic interests, though no formal criminal verdict (VAKS) exists.",Servant of the People,Legal Policy,0,0,Dnipro,1,1,1976,1,"Business, System",0,Active,AI_Verified,1,1,0,0,0,2,1,43,1849,0,0,East,0,0
Юрий Аристов,3,Official suspicion (pidozra) issued by the SBI and Prosecutor General for document forgery regarding an illegal overseas vacation in the Maldives; the case was subsequently referred to court (VAKS/criminal proceedings).,Servant of the People,Budget,0,1,Kyiv,1,1,1975,0,Business,1,Terminated,AI_Verified,0,1,0,0,0,1,0,44,1936,0,0,Center,0,1
Юрій Здебський,0,"No significant corruption-related criminal records, NABU/SAP suspicions, or major investigative journalism hits (Bihus/Schemes) were found regarding his tenure as an MP.",Servant of the People,Defense,0,0,Kharkiv,0,1,1960,1,"System, Military",0,Active,AI_Verified,1,0,0,0,1,2,1,59,3481,0,0,East,0,0
Юрій Заславський,0,"No records of criminal proceedings (VAKS), NABU/SAP investigations, or major investigative media exposés regarding corruption were identified.",Servant of the People,Social,0,0,Khmelnytskyi,1,1,1982,1,Business,1,Active,AI_Verified,0,1,0,0,0,1,0,37,1369,0,0,Other,0,0
Юрій Кісєль,1,"Featured in media investigations, notably the 2019 'Kryvyi Rih tapes' scandal involving potential interference in law enforcement, and reports regarding his family business interests in the construction sector while chairing the Transport Committee.",Servant of the People,Transport,0,0,Dnipro,0,1,1963,0,Business,1,Active,AI_Verified,0,1,0,0,0,1,0,56,3136,0,0,East,0,0
Петро Юрчишин,1,Significant media reports (Chesno) regarding potential conflicts of interest in agrarian lobbying and a history of non-personal voting in previous convocations.,Self-nominated,Agrarian,1,0,Vinnytsia,0,1,1958,0,Business,0,Active,AI_Verified,0,1,0,0,0,1,0,61,3721,61,0,Center,0,0
Юрій Корявченков,1,Involved in the 2019 Kryvyi Rih cassette scandal where audio recordings allegedly captured him and other MPs discussing political control over local law enforcement and business interests with the police chief.,Servant of the People,Transport,0,0,Dnipro,0,1,1974,1,"Business, Media",0,Active,AI_Verified,0,1,0,1,0,2,1,45,2025,0,0,East,0,0
Юлія Яцик,1,"Included in 'Chesno' monitoring for potential conflict of interests and media investigations regarding her parliamentary assistants, though no criminal pidozra or VAKS case has been officially launched.",Servant of the People,Law Enforcement,0,1,Zaporizhzhia,0,0,1982,1,Business,0,Active,AI_Verified,0,1,0,0,0,1,0,37,1369,0,0,East,0,0
Олег Мейдич,1,Cited in media investigations (Chesno) for multiple instances of non-personal voting ('piano-pushing') and has been the subject of journalistic inquiries regarding his business background and historical ties.,Batkivshchyna,Agrarian,0,0,Vinnytsia,0,1,1970,1,Business,0,Active,AI_Verified,0,1,0,0,0,1,0,49,2401,0,0,Center,0,0
Микола Кучер,1,Mentioned in high-profile media investigations regarding the VAB Bank (Bakhmatyuk) case and agricultural lobbying; also noted for political charity/voter-influencing (greening) by monitoring groups.,Self-nominated,Agrarian,1,0,Vinnytsia,0,1,1952,0,"System, Business",0,Active,AI_Verified,1,1,0,0,0,2,1,67,4489,67,1,Center,0,0
Степан Івахів,2,Ivakhiv has been the subject of numerous NABU investigations regarding corruption schemes in Ukrgazvydobuvannya and significant discrepancies in asset declarations identified by NAZK.,Self-nominated,Eco,1,0,Volyn,0,1,1968,0,Business,0,Active,AI_Verified,0,1,0,0,0,1,0,51,2601,51,0,West,0,0
Лариса Білозір,0,"No records of criminal proceedings by NABU/SAP, no VAKS cases, and no major media investigations into illicit enrichment or conflict of interest; documented political charity (vote-buying) is categorized as electoral practice rather than corruption enrichment.",Self-nominated,State Power,0,0,Vinnytsia,0,0,1981,1,"Business, Civil Society",0,Active,AI_Verified,0,1,1,0,0,2,1,38,1444,0,0,Center,0,0
Ірина Констанкевич,3,"In 2023, the High Anti-Corruption Court (VAKS) found her guilty of failing to declare a rented apartment in Kyiv in her 2020 declaration, though she was exempted from punishment due to the statute of limitations.",Self-nominated,Humanitarian,1,0,Volyn,1,0,1965,0,System,0,Active,AI_Verified,1,0,0,0,0,1,0,54,2916,54,0,West,0,0
Сергій Кострійчук,0,"No significant corruption-related criminal records, NABU investigations, or major documented conflict-of-interest scandals found.",Servant of the People,Rules,0,0,Khmelnytskyi,0,1,1980,1,"Civil Society, System",1,Active,AI_Verified,1,0,1,0,0,2,1,39,1521,0,0,Other,0,0
Ігор Палиця,1,"Numerous high-profile media investigations (Bihus.info, Schemes) regarding undeclared real estate in France and close business ties with the Privat group/Kolomoisky.",Self-nominated,Finance,1,0,Volyn,1,1,1972,1,Business,0,Active,AI_Verified,0,1,0,0,0,1,0,47,2209,47,0,West,0,0
Кирилл Нестеренко,1,"Identified by media monitoring groups (Chesno) for issues related to campaign funding transparency and inconsistencies in declarations, though no high-level criminal pidozra from NABU has been confirmed.",Servant of the People,Transport,0,0,Sumy,1,1,1993,1,Business,0,Active,AI_Verified,0,1,0,0,0,1,0,26,676,0,0,North,0,0
В'ячеслав Медяник,1,Medyanyk was the center of a high-profile 2019 media scandal involving photographed phone messages (the 'Sugar' scandal) where he discussed exercising influence over the Prosecutor General's Office to 'resolve' legal issues.,Servant of the People,Law Enforcement,0,0,Dnipro,1,1,1987,1,Business,0,Terminated,AI_Verified,0,1,0,0,0,1,0,32,1024,0,0,East,0,0
Ігор Гузь,1,"Documented media reports on political corruption including voter bribery (grechkosiystvo) and concerns over asset declarations, though no formal criminal charges or VAKS convictions are present.",Self-nominated,State Power,1,0,Volyn,1,1,1982,1,"Civil Society, System",0,Active,AI_Verified,1,0,1,0,0,2,1,37,1369,37,0,West,0,0
Ганна Лічман,0,"No official corruption suspicions, criminal cases, or major journalistic investigations regarding enrichment have been documented.",Servant of the People,Finance,0,0,Odesa,1,0,1978,0,"Media, Business",1,Active,AI_Verified,0,1,0,1,0,2,1,41,1681,0,0,South,0,0
Максим Бужанський,1,"Frequent media reports regarding undeclared assets and lifestyle mismatch (Bihus.info) and political pushback against anti-corruption reforms, though no formal VAKS indictment exists.",Servant of the People,Law Enforcement,0,0,Dnipro,1,1,1974,0,"Business, Media",0,Active,AI_Verified,0,1,0,1,0,2,1,45,2025,0,0,East,0,0
Муса Магомедов,0,"While a member of the Akhmetov-aligned group and noted for lobbying industrial interests, there are no documented high-profile criminal cases, NABU/SAP suspicions, or specific corruption-based media investigations targeting personal enrichment or VAKS proceedings.",Opposition Bloc,Finance,0,0,Donetsk,0,1,1970,1,Business,0,Active,AI_Verified,0,1,0,0,0,1,0,49,2401,0,0,East,1,0
Федір Христенко,1,"Significant media investigations regarding massive undeclared spending (e.g., a multi-million dollar party in Moscow) and chronic absenteeism since the 2022 invasion; NAZK also flagged discrepancies in asset declarations.",Opposition Platform — For Life,Agrarian,0,0,Donetsk,0,1,1983,0,Business,0,Active,AI_Verified,0,1,0,0,0,1,0,36,1296,0,0,East,1,0
Валерій Гнатенко,1,"Identified in multiple media investigations (Chesno, Bihus.info) regarding asset non-disclosure and past local-level governance scandals in Druzhkivka.",Opposition Platform — For Life,Budget,0,1,Donetsk,0,1,1967,1,System,0,Active,AI_Verified,1,0,0,0,0,1,0,52,2704,0,0,East,1,0
Юрій Солод,1,"Journalistic investigations by 'Schemes' (Radio Liberty) identified an undeclared luxury villa in Dubai (Palm Jumeirah) worth approximately $11 million, which was not included in his asset declarations.",Opposition Platform — For Life,Finance,1,1,Donetsk,0,1,1972,1,Business,0,Terminated,AI_Verified,0,1,0,0,0,1,0,47,2209,47,0,East,1,0
Максим Єфімов,1,Numerous media investigations by Bihus.info and Schemes regarding his control over the 'Parkovy' center and non-declaration of business assets in the energy sector.,Self-nominated,Energy,1,0,Donetsk,0,1,1974,1,Business,0,Terminated,AI_Verified,0,1,0,0,0,1,0,45,2025,45,0,East,1,0
Євген Яковенко,1,"Faced media allegations and police investigations regarding potential vote-buying (electoral bribery) during the 2019 campaign in District 52, and was briefly detained in Moldova in 2022 on a Belarusian Interpol warrant related to bribery.",Self-nominated,Energy,0,1,Donetsk,0,1,1965,0,Business,0,Active,AI_Verified,0,1,0,0,0,1,0,54,2916,0,0,East,1,0
Вадим Новинський,1,Subject to multiple investigative reports by 'Schemes' and 'Bihus.Info' regarding undeclared assets and business influence; sanctioned by the NSDC in December 2022 with subsequent property seizures by SBU.,Opposition Bloc,Humanitarian,1,0,Donetsk,0,1,1963,0,Business,0,Terminated,AI_Verified,0,1,0,0,0,1,0,56,3136,56,0,East,1,0
Сергій Магера,0,"No records found of criminal verdicts, NABU suspicions, or specific high-profile media investigations regarding illegal enrichment or corruption schemes as of the reporting period.",Opposition Bloc,Eco,0,0,Donetsk,0,1,1972,1,"Business, System",0,Active,AI_Verified,1,1,0,0,0,2,1,47,2209,0,0,East,1,0
Володимир Мороз,3,"In early 2023, the High Anti-Corruption Court (VAKS) began proceedings following a NABU/SAP investigation into Moroz for failing to declare a house and land in the Kyiv region valued at approximately 1.7-2 million UAH.",Opposition Platform — For Life,Energy,0,1,Donetsk,0,1,1970,0,"Business, System",0,Active,AI_Verified,1,1,0,0,0,2,1,49,2401,0,0,East,1,0
Дмитро Лубінець,0,"No major criminal investigations, NABU suspicions, or documented enrichment scandals in high-profile media investigations (Bihus/Schemes) were found for the period.",Self-nominated,Humanitarian,1,0,Donetsk,0,1,1981,1,System,0,Terminated,AI_Verified,1,0,0,0,0,1,0,38,1444,38,0,East,1,0
Сергій Демченко,1,"Publicly identified by investigative journalists (e.g. Chesno, Bihus.info) as a key figure in the Kolomoisky group, specifically for obstructive legislative tactics like 'amendment spam' against the banking law (Anti-Kolomoisky law).",Servant of the People,Legal Policy,0,0,Dnipro,1,1,1976,1,"Business, System",0,Active,AI_Verified,1,1,0,0,0,2,1,43,1849,0,0,East,0,0
Валерій Лунченко,1,"Subject of NABU investigations regarding undeclared assets (Lexus vehicle), which was later closed following the 2020 Constitutional Court ruling; also linked in media investigations to regional business monopolies in Zakarpattia.",Self-nominated,Transport,1,0,Zakarpattia,0,1,1982,1,"Business, System",0,Active,AI_Verified,1,1,0,0,0,2,1,37,1369,37,0,West,0,0
Роберт Горват,2,"In October 2023, he was officially notified of suspicion (pidozra) by NABU and SAP for allegedly organizing a scheme to seize 120 hectares of state land in Zakarpattia, causing significant losses to the state.",Self-nominated,Finance,1,0,Zakarpattia,1,1,1969,1,Business,0,Active,AI_Verified,0,1,0,0,0,1,0,50,2500,50,0,West,0,0
Дмитро Шпенов,1,"Identified in media investigations for non-personal voting (button-pushing) and listed as a figurant of political corruption by watchdog NGOs like Chesno, primarily due to past political associations and legislative voting records.",Self-nominated,Legal Policy,1,0,Dnipro,1,1,1978,1,"System, Business",0,Terminated,AI_Verified,1,1,0,0,0,2,1,41,1681,41,0,East,0,0
Василь Петьовка,2,"In 2023, NABU/SAP notified him of suspicion (pidozra) for inaccurate asset declaration; also documented cases of conflict of interest and non-personal voting.",Self-nominated,Agrarian,1,1,Zakarpattia,0,1,1967,1,Business,0,Active,AI_Verified,0,1,0,0,0,1,0,52,2704,52,0,West,0,0
Владіслав Поляк,3,"In 2021, he became the first MP to be officially notified of suspicion (pidozra) and face criminal proceedings in VAKS for non-personal voting (button-pushing).",Self-nominated,Budget,0,0,Zakarpattia,0,1,1975,1,"Business, System",0,Active,AI_Verified,1,1,0,0,0,2,1,44,1936,0,0,West,0,0
Павло Мельник,0,"No major criminal proceedings, NABU suspicions, or investigative reports regarding personal enrichment or conflict of interest have been documented for this MP.",Servant of the People,Foreign,0,0,Zaporizhzhia,1,1,1984,1,Media,0,Active,AI_Verified,0,0,0,1,0,1,0,35,1225,0,0,East,0,0
Андрій Іванчук,2,"In 2021, he became the first MP in Ukraine to be officially notified of suspicion (pidozra) for non-personal voting (button-pushing), a criminal offense under Article 364-2.",Self-nominated,Transport,1,0,Ivano-Frankivsk,1,1,1973,1,"Business, System",0,Deceased,AI_Verified,1,1,0,0,0,2,1,46,2116,46,0,West,0,0
Володимир Арешонков,2,"In 2023, NABU and SAP notified Areshonkov of suspicion (pidozra) for intentionally failing to include data about a rented apartment in his 2020 declaration, leading to illegal housing compensation.",Self-nominated,Law Enforcement,1,0,Zhytomyr,0,1,1957,1,System,0,Active,AI_Verified,1,0,0,0,0,1,0,62,3844,62,0,Center,0,0
Віктор Балога,1,"Numerous media investigations by outlets like Bihus.info and Chesno regarding political clannishness in Zakarpattia, nepotism, and potential conflicts of interest, though no VAKS criminal conviction exists.",Self-nominated,State Power,1,0,Zakarpattia,0,1,1963,1,"Business, System",0,Active,AI_Verified,1,1,0,0,0,2,1,56,3136,56,0,West,0,0
Микола Бабенко,0,"No significant records of criminal proceedings, NABU/SAP suspicions, or official corruption protocols have been identified.",Self-nominated,Social,0,0,Kyiv,0,1,1980,1,"Business, System",0,Active,AI_Verified,1,1,0,0,0,2,1,39,1521,0,0,Center,0,1
Олесь Довгий,2,"He was previously handed an official suspicion (pidozra) by the Prosecutor General's Office in 2017 regarding the alienation of land on Zhukiv Island. While the case was later closed, he remains subject to frequent NAZK scrutiny and media investigations into his assets.",Self-nominated,Social,1,0,Kyiv,1,1,1980,1,"Business, System",0,Active,AI_Verified,1,1,0,0,0,2,1,39,1521,39,0,Center,0,1
Сергій Мінько,1,Multiple media investigations and Chesno reports regarding business interests in Melitopol (Melitopolska Chereshnia) and conflicts of interest; NAZK identified inaccuracies in his asset declarations in 2021.,Self-nominated,Law Enforcement,0,0,Zaporizhzhia,0,1,1973,1,"Business, System",0,Active,AI_Verified,1,1,0,0,0,2,1,46,2116,0,0,East,0,0
Вікторія Гриб,0,"No records of NABU/SAP investigations, VAKS cases, or formal corruption protocols from NAZK were found in public databases.",Opposition Bloc,Energy,0,0,Kyiv,0,0,1968,0,Business,0,Active,AI_Verified,0,1,0,0,0,1,0,51,2601,0,0,Center,0,1
Микола Галушко,2,"In December 2022, NABU and SAP notified Halushko of suspicion (pidozra) for intentional false declaration of assets, specifically a house and land in Brovary worth approximately 1.7 million UAH.",Servant of the People,Law Enforcement,0,0,Kyiv,0,1,1979,1,"System, Business",0,Active,AI_Verified,1,1,0,0,0,2,1,40,1600,0,0,Center,0,1
Сергій Шахов,3,"Shakhov has been a defendant in a VAKS (High Anti-Corruption Court) case regarding the failure to declare assets worth 60 million UAH, leading to a national wanted list status in 2023.",Self-nominated,Eco,1,0,Luhansk,0,1,1975,1,Business,0,Active,AI_Verified,0,1,0,0,0,1,0,44,1936,44,0,East,1,0
Наталія Піпа,0,"No documented corruption investigations, VAKS cases, or NAZK violations found in public records.",Holos,Humanitarian,0,0,Lviv,1,0,1983,1,Civil Society,0,Active,AI_Verified,0,0,1,0,0,1,0,36,1296,0,0,West,0,0
Галина Васильченко,0,"No significant corruption scandals, criminal records, or official NABU investigations identified.",Holos,Finance,0,0,Lviv,0,0,1983,1,"Business, Civil Society",0,Active,AI_Verified,0,1,1,0,0,2,1,36,1296,0,0,West,0,0
Микола Княжицький,1,"Subject of several media investigations regarding media ownership transparency and potential conflicts of interest in legislative activity, although no active criminal charges or VAKS cases are currently pending.",European Solidarity,Humanitarian,1,0,Lviv,1,1,1968,0,"Media, Business",1,Active,AI_Verified,0,1,0,1,0,2,1,51,2601,51,0,West,0,0
Ярослав Рущишин,0,"No major corruption investigations, NABU cases, or significant enrichment scandals identified; maintains a reputation linked to business transparency and civil society.",Holos,Finance,0,0,Lviv,1,1,1967,1,"Business, Civil Society",0,Active,AI_Verified,0,1,1,0,0,2,1,52,2704,0,0,West,0,0
Михайло Бондар,1,"Linked by media investigations (Chesno, Bihus) to supporting interests of the coal industry and DTEK within the Energy Committee; also faced scrutiny over declaration inconsistencies noted by NAZK.",European Solidarity,Energy,1,0,Lviv,0,1,1973,1,"Military, Civil Society",0,Active,AI_Verified,0,0,1,0,1,2,1,46,2116,46,0,West,0,0
Павло Бакунець,0,"Public records and anti-corruption monitors (Chesno, Bihus.info) do not list active VAKS cases, NABU suspicions, or significant enrichment investigations against Bakunets.",Other,Legal Policy,1,0,Lviv,0,1,1987,1,System,0,Active,AI_Verified,1,0,0,0,0,1,0,32,1024,32,0,West,0,0
Андрій Лопушанський,1,"Subject of several media investigations regarding undeclared luxury assets and historical business interests in the energy sector, specifically during his tenure at Naftogaz.",European Solidarity,Budget,1,0,Lviv,0,1,1962,0,"Business, System",0,Active,AI_Verified,1,1,0,0,0,2,1,57,3249,57,0,West,0,0
Ярослав Дубневич,3,Dubnevych is a primary defendant in high-profile VAKS cases involving embezzlement at Ukrzaliznytsia; he has been declared internationally wanted and had his immunity stripped.,Self-nominated,Transport,1,0,Lviv,0,1,1969,0,Business,0,Active,AI_Verified,0,1,0,0,0,1,0,50,2500,50,0,West,0,0
Андрій Кіт,1,Identified as a 'figuranth' of anti-corruption investigations by Chesno and media outlets regarding potential conflicts of interest in the agricultural sector and asset disclosure discrepancies.,Self-nominated,Energy,1,0,Lviv,1,1,1971,0,Business,0,Active,AI_Verified,0,1,0,0,0,1,0,48,2304,48,0,West,0,0
Олександр Пасічний,1,"Identified by monitoring groups like CHESNO for 'grechkosiystvo' (political charity) and potential lobbying in the distribution of budget subventions for his district, though no criminal VAKS cases are active.",Servant of the People,Budget,0,0,Mykolaiv,1,1,1972,0,"Business, Civil Society",0,Active,AI_Verified,0,1,1,0,0,2,1,47,2209,0,0,South,0,0
Тарас Батенко,1,"He has been identified in numerous media investigations (Bihus.info, Chesno) as part of the 'Kolomoisky group' and linked to political corruption and 'grechka' (voter bribery) incidents, though no criminal charges have been filed.",Self-nominated,Transport,1,0,Lviv,1,1,1974,1,"System, Business",0,Active,AI_Verified,1,1,0,0,0,2,1,45,2025,45,0,West,0,0
Олексій Гончаренко,1,"Subject of various media investigations regarding asset declarations and historical political financing, though lacks active criminal convictions or NABU indictments in the 9th convocation.",European Solidarity,Budget,1,0,Odesa,1,1,1980,1,System,0,Active,AI_Verified,1,0,0,0,0,1,0,39,1521,39,0,South,0,0
Антон Кіссе,2,"In early 2023, NABU and SAP notified Kisse of suspicion (pidozra) regarding the failure to declare an apartment in Italy worth over 5 million UAH.",Self-nominated,Energy,1,0,Odesa,0,1,1958,1,"System, Business",0,Active,AI_Verified,1,1,0,0,0,2,1,61,3721,61,0,South,0,0
Анатолій Урбанський,1,"Subject of multiple media investigations and NGO reports (Chesno, Bihus) regarding the declaration of massive cryptocurrency assets and potential enrichment, though no formal criminal verdict has been reached.",Self-nominated,Budget,0,0,Odesa,1,1,1975,1,"System, Business",0,Active,AI_Verified,1,1,0,0,0,2,1,44,1936,0,0,South,0,0
Юрій Шаповалов,2,"In December 2022, NABU and SAP notified him of suspicion (pidozra) for failing to declare a rented apartment in Kyiv worth 3.7 million UAH in his 2020 declaration.",Self-nominated,Energy,1,0,Poltava,0,1,1972,1,Business,0,Active,AI_Verified,0,1,0,0,0,1,0,47,2209,47,0,Center,0,0
Сергій Вельможний,2,"In December 2022, NABU and SAP notified him of suspicion regarding the illegal receipt of housing compensation while having his own apartment in Kyiv.",Self-nominated,Legal Policy,0,0,Luhansk,0,1,1976,1,System,0,Active,AI_Verified,1,0,0,0,0,1,0,43,1849,0,0,East,1,0
Іван Чайківський,1,"Reported by investigative media (Chesno) for potential conflicts of interest related to his extensive agrarian business holdings (Agroprodservice) while serving on the Agrarian Committee, as well as instances of political 'charity' (Hrechkosiystvo).",Other,Agrarian,0,0,Ternopil,0,1,1972,1,Business,0,Active,AI_Verified,0,1,0,0,0,1,0,47,2209,0,0,West,0,0
Олег Кулініч,1,Frequent subject of media investigations regarding potential conflicts of interest as Chairman of the Agrarian Committee while maintaining ties to large-scale agricultural business; also noted by Chesno for political corruption history (voting for 2014 'dictatorship laws').,Self-nominated,Agrarian,1,0,Poltava,0,1,1966,1,"Business, System",0,Active,AI_Verified,1,1,0,0,0,2,1,53,2809,53,0,Center,0,0
Віктор М'ялик,2,"In 2021, the Prosecutor General served him a notice of suspicion (pidozra) for large-scale tax evasion (over 118 million UAH) related to his real estate business activities.",Self-nominated,State Power,0,0,Rivne,0,1,1979,1,Business,0,Active,AI_Verified,0,1,0,0,0,1,0,40,1600,0,0,Other,0,0
Микола Люшняк,1,Documented instances of button-pressing (8th convocation) and media investigations regarding agricultural business lobbying and potential conflict of interest.,Self-nominated,Budget,1,0,Ternopil,0,1,1974,0,Business,0,Active,AI_Verified,0,1,0,0,0,1,0,45,2025,45,0,West,0,0
Ігор Молоток,2,"In 2023, NABU and SAP informed Molotok of a suspicion (pidozra) regarding illegal receipt of budget compensation for housing rent while owning an apartment in Kyiv.",Other,Budget,1,0,Sumy,0,1,1967,0,Business,0,Active,AI_Verified,0,1,0,0,0,1,0,52,2704,52,0,North,0,0
Сергій Лабазюк,3,"In November 2023, NABU and SAP charged him with offering a bribe to a top official for infrastructure restoration contracts (VAKS case). He was arrested and released on a 40 million UAH bail.",Self-nominated,Agrarian,1,0,Khmelnytskyi,0,1,1980,1,Business,0,Active,AI_Verified,0,1,0,0,0,1,0,39,1521,39,0,Other,0,0
Олександр Фельдман,1,Frequent subject of media investigations by Bihus.info and Chesno regarding undeclared assets and business conflicts related to the Barabashovo market in Kharkiv.,Opposition Platform — For Life,Eco,1,1,Kharkiv,1,1,1960,1,Business,0,Active,AI_Verified,0,1,0,0,0,1,0,59,3481,59,0,East,0,0
Олександр Герега,1,Investigated by 'Schemes' (Radio Liberty) and Pandora Papers regarding business interests in occupied Crimea and offshore assets while serving as an MP.,Self-nominated,Finance,1,0,Khmelnytskyi,0,1,1967,1,Business,0,Active,AI_Verified,0,1,0,0,0,1,0,52,2704,52,0,Other,0,0
Сергій Нагорняк,2,"In February 2023, NABU and SAP notified Nahorniak of suspicion for intentionally providing false information in his 2020 asset declaration regarding real estate and assets.",Servant of the People,Energy,0,0,Kyiv,0,1,1982,1,Business,0,Active,AI_Verified,0,1,0,0,0,1,0,37,1369,0,0,Center,0,1
Ігор Колихаєв,1,Documented cases of 'greening' (indirect voter bribery) and media investigations into conflicts of interest regarding his agricultural business interests (Prodeksim).,Self-nominated,Agrarian,0,0,Kherson,1,1,1971,1,Business,0,Terminated,AI_Verified,0,1,0,0,0,1,0,48,2304,0,0,South,0,0
Андрій Герус,1,"Subject of multiple media investigations and high-profile controversies regarding legislative amendments affecting energy imports, though no formal criminal convictions or NABU indictments for corruption have been finalized.",Servant of the People,Energy,0,0,Volyn,0,1,1982,1,"Business, Civil Society",1,Active,AI_Verified,0,1,1,0,0,2,1,37,1369,0,0,West,0,0
Антон Яценко,1,Commonly referred to as the 'father of the tender mafia' in Ukraine; subject of numerous high-profile investigative reports by Bihus.info and Schemes regarding corruption and conflict of interest.,Self-nominated,Eco,1,1,Kyiv,1,1,1977,1,"System, Business",0,Active,AI_Verified,1,1,0,0,0,2,1,42,1764,42,0,Center,0,1
Андрій Холодов,1,Subject of several investigations by 'Schemes' (Radio Liberty) regarding the 'tobacco lobby' conflict of interest and leaving Ukraine for Cyprus during the martial law period without returning for months.,Servant of the People,Finance,0,1,Kyiv,1,1,1972,0,Business,1,Terminated,AI_Verified,0,1,0,0,0,1,0,47,2209,0,0,Center,0,1
Максим Ткаченко,0,No official criminal proceedings (VAKS/NABU) or significant media investigations regarding illegal enrichment or corruption are documented.,Servant of the People,Humanitarian,0,0,Luhansk,1,1,1983,1,"Business, Media",1,Active,AI_Verified,0,1,0,1,0,2,1,36,1296,0,0,East,1,0
Олександр Куницький,2,"Subject of NAZK protocols regarding conflict of interest related to AutoEnterprise lobbying; numerous media investigations (Bihus.info, Schemes) concerning the use of his deputy mandate for personal business interests and dual citizenship controversies.",Servant of the People,Law Enforcement,0,0,Kharkiv,1,1,1983,0,"Media, Business",0,Active,AI_Verified,0,1,0,1,0,2,1,36,1296,0,0,East,0,0
Юрій Арістов,3,"In July 2023, he was charged by the SBU and NABU with official forgery (Article 366 of the Criminal Code) for falsifying travel documents to vacation in the Maldives during martial law, leading to his resignation.",Servant of the People,Budget,0,0,Kyiv,1,1,1975,0,Business,1,Terminated,AI_Verified,0,1,0,0,0,1,0,44,1936,0,0,Center,0,1
Олег Марусяк,1,Involved in the 2019 Finance Committee corruption scandal regarding 'electronic platforms' and alleged bribery; underwent a polygraph test amid media investigations.,Servant of the People,Finance,0,0,Ivano-Frankivsk,1,1,1968,0,Business,1,Active,AI_Verified,0,1,0,0,0,1,0,51,2601,0,0,West,0,0
Дар'я Володіна,1,Subject of media scrutiny and internal party polygraph tests in 2019 regarding alleged corruption in the Finance Committee related to electronic valuation platforms.,Servant of the People,Finance,0,0,Kropyvnytskyi,1,0,1991,1,Media,1,Active,AI_Verified,0,0,0,1,0,1,0,28,784,0,0,Center,0,0
Мар'ян Заблоцький,1,"Frequently flagged by anti-corruption watchdogs (Chesno) for legislative lobbying, specifically for the tobacco industry and agrarian interests, though he has no formal criminal convictions or VAKS cases.",Servant of the People,Finance,0,0,Lviv,1,1,1985,1,"Business, Civil Society",1,Active,AI_Verified,0,1,1,0,0,2,1,34,1156,0,0,West,0,0
Павло Якименко,1,"Media reports and investigative projects (like Chesno and various journalists) have highlighted his business links in the gas sector and potential conflicts of interest, though no formal criminal pidozra or VAKS verdict exists.",Servant of the People,Eco,0,0,Kharkiv,1,1,1989,1,Business,0,Active,AI_Verified,0,1,0,0,0,1,0,30,900,0,0,East,0,0
Дмитро Припутень,0,"No major corruption-related criminal proceedings, NABU/SAP suspicions, or prominent investigative journalism cases (Bihus/Schemes) regarding unexplained wealth or conflict of interest were identified.",Servant of the People,Finance,0,0,Dnipro,1,1,1986,1,"Business, System",1,Active,AI_Verified,1,1,0,0,0,2,1,33,1089,0,0,East,0,0
Василь Мокан,0,"No recorded criminal cases, NABU pidozras, or significant corruption investigations by investigative media like Bihus or Schemes.",Servant of the People,Humanitarian,0,0,Kyiv,0,1,1985,1,"Business, Civil Society",1,Active,AI_Verified,0,1,1,0,0,2,1,34,1156,0,0,Center,0,1
Вадим Рабінович,3,Rabinovych was served a notice of suspicion (pidozra) for high treason by the State Bureau of Investigation (SBI) and is subject to an international arrest warrant. His mandate was terminated after he was stripped of Ukrainian citizenship.,Opposition Platform — For Life,Humanitarian,1,1,Kharkiv,1,1,1953,0,"Business, Media",1,Terminated,AI_Verified,0,1,0,1,0,2,1,66,4356,66,1,East,0,0
Юрій Бойко,1,"Subject of the high-profile 'Boyko Towers' corruption investigation by media outlets like Schemes and Bihus.Info regarding offshore gas rig procurement, though he has avoided a formal VAKS verdict.",Opposition Platform — For Life,Energy,1,1,Donetsk,0,1,1958,1,"System, Business",1,Active,AI_Verified,1,1,0,0,0,2,1,61,3721,61,0,East,1,0
Олена Вінтоняк,0,"No documented criminal cases, NAZK corruption protocols, or major investigative journalism reports regarding corruption or illicit enrichment.",Servant of the People,Social,0,0,Ivano-Frankivsk,0,0,1979,1,Business,1,Active,AI_Verified,0,1,0,0,0,1,0,40,1600,0,0,West,0,0
Наталія Королевська,2,"In 2023, NABU and SAP notified Korolevska of suspicion (pidozra) for failing to declare a land plot and house in Russia, as well as land in the Kyiv region.",Opposition Platform — For Life,Social,1,1,Luhansk,0,0,1975,1,"Business, System",1,Terminated,AI_Verified,1,1,0,0,0,2,1,44,1936,44,0,East,1,0
Сергій Іонушас,0,"No active VAKS criminal proceedings, NABU suspicions, or confirmed investigations regarding illicit enrichment have been documented in public anti-corruption registries.",Servant of the People,Law Enforcement,0,0,Kyiv,1,1,1979,1,Business,1,Active,AI_Verified,0,1,0,0,0,1,0,40,1600,0,0,Center,0,1
Віктор Медведчук,3,"Charged with high treason and financing terrorism in multiple criminal proceedings (VAKS/SBU); arrested, held in SIZO, and subsequently exchanged to Russia in 2022.",Opposition Platform — For Life,Humanitarian,1,1,Kyiv,1,1,1954,1,"System, Business",1,Terminated,AI_Verified,1,1,0,0,0,2,1,65,4225,65,0,Center,0,1
Тарас Козак,3,"Charged with high treason, under sanctions from Ukraine and the US, warrant issued by the SBU and VAKS, and assets seized.",Opposition Platform — For Life,Finance,1,1,Lviv,0,1,1972,1,"System, Business",1,Terminated,AI_Verified,1,1,0,0,0,2,1,47,2209,47,0,West,0,0
Вадим Столар,2,Subject of multiple SBU and NABU investigations; SBU conducted searches in February 2023 related to money laundering and terrorism financing; frequent subject of media investigations by Bihus.info and Schemes regarding illegal construction and undeclared assets.,Opposition Platform — For Life,Agrarian,1,1,Kyiv,1,1,1982,1,Business,1,Active,AI_Verified,0,1,0,0,0,1,0,37,1369,37,0,Center,0,1
Василь Німченко,1,Identified by NAZK for declaration inaccuracies; involved in the 2020 Constitutional Court crisis which media/civil society classified as a conflict of interest/political corruption.,Opposition Platform — For Life,Legal Policy,1,1,Kyiv,0,1,1950,1,System,1,Active,AI_Verified,1,0,0,0,0,1,0,69,4761,69,1,Center,0,1
Юлій Іоффе,1,Multiple media investigations by Bihus.info and Chesno regarding conflicts of interest in the energy sector and failure to declare certain assets.,Opposition Platform — For Life,Energy,1,1,Luhansk,1,1,1940,0,System,1,Active,AI_Verified,1,0,0,0,0,1,0,79,6241,79,1,East,1,0
Михайло Папієв,1,Designated as a figure in corruption investigations by CHESNO; multiple reports of administrative resource abuse during his tenure as governor and frequent voting irregularities (button-pushing).,Opposition Platform — For Life,Rules,1,1,Chernivtsi,1,1,1960,1,"System, Business",1,Active,AI_Verified,1,1,0,0,0,2,1,59,3481,59,0,West,0,0
Ігор Абрамович,1,Featured in the 'Monaco Battalion' investigation by Ukrainska Pravda for living in France during the war and linked to energy sector lobbying/business schemes.,Opposition Platform — For Life,Finance,0,1,Kharkiv,1,1,1984,1,Business,1,Terminated,AI_Verified,0,1,0,0,0,1,0,35,1225,0,0,East,0,0
Олександр Копиленко,0,"No significant corruption investigations, NABU cases, or major media scandals regarding illicit enrichment identified.",Servant of the People,Human Rights,0,0,Kyiv,1,1,1961,1,System,1,Active,AI_Verified,1,0,0,0,0,1,0,58,3364,0,0,Center,0,1
Григорій Суркіс,1,Subject of numerous media investigations by Bihus.Info and Schemes regarding the 'Enerhomerezha' corruption case and the suspicious transfer of large cash sums across the border in early 2022.,Opposition Platform — For Life,Humanitarian,1,1,Kyiv,1,1,1949,1,"Business, System",1,Active,AI_Verified,1,1,0,0,0,2,1,70,4900,70,1,Center,0,1
Дмитро Ісаєнко,2,"In March 2023, NABU and SAP notified Isaienko of suspicion (pidozra) for attempting to seize a land plot of a state enterprise belonging to the Verkhovna Rada.",Opposition Platform — For Life,State Power,0,1,Kyiv,1,1,1967,0,"System, Business",1,Active,AI_Verified,1,1,0,0,0,2,1,52,2704,0,0,Center,0,1
Ігор Кісільов,1,Multiple media investigations and Chesno reports regarding his involvement in controversial land-use schemes in the Kyiv City Council and failure to declare assets (7.5 million UAH apartment identified by NAZK in 2024).,Opposition Platform — For Life,Energy,0,1,Kyiv,1,1,1984,1,System,1,Active,AI_Verified,1,0,0,0,0,1,0,35,1225,0,0,Center,0,1
Юлія Льовочкіна,1,"Multiple media investigations (Schemes, Bihus.info) regarding undeclared luxury assets, including a villa in France and land in Kozyn, though no criminal verdict or official Pidozra is finalized.",Opposition Platform — For Life,Foreign,1,0,Kyiv,1,0,1977,1,"Business, System",1,Terminated,AI_Verified,1,1,0,0,0,2,1,42,1764,42,0,Center,0,1
Юрій Загородній,1,He has been the subject of media investigations regarding party financing and his long-standing role as a top executive in Victor Medvedchuk's political structures.,Opposition Platform — For Life,Rules,1,1,Kyiv,0,1,1959,0,System,1,Active,AI_Verified,1,0,0,0,0,1,0,60,3600,60,0,Center,0,1
Олександр Колтунович,1,"Media investigations (Bihus.info, Chesno) have frequently highlighted his role in the non-transparent financial structures and funding mechanisms of Viktor Medvedchuk's 'Ukrainian Choice' and the OPZZH party.",Opposition Platform — For Life,Finance,0,1,Kyiv,0,1,1987,1,System,1,Active,AI_Verified,1,0,0,0,0,1,0,32,1024,0,0,Center,0,1
Володимир Кальцев,2,"In early 2023, NABU and SAP informed Kaltsev of a suspicion (pidozra) regarding the failure to declare assets (real estate) worth approximately 3.8 million UAH.",Opposition Platform — For Life,Agrarian,1,1,Zaporizhzhia,1,1,1966,1,"Business, System",1,Active,AI_Verified,1,1,0,0,0,2,1,53,2809,53,0,East,0,0
Юрій Павленко,1,"While no VAKS criminal verdict is active, he has been featured in media investigations regarding political accountability and asset declarations over his long career, particularly as a former minister and ombudsman.",Opposition Platform — For Life,Humanitarian,1,1,Kyiv,1,1,1975,1,System,1,Active,AI_Verified,1,0,0,0,0,1,0,44,1936,44,0,Center,0,1
Віталій Борт,1,Subject of several investigative reports by 'Schemes' regarding suspicious foreign travel during martial law and historical links to the Mezhyhirya property alienation case.,Opposition Platform — For Life,Transport,1,0,Donetsk,1,1,1972,1,"Business, System",1,Active,AI_Verified,1,1,0,0,0,2,1,47,2209,47,0,East,1,0
Наталія Приходько,1,Associated with Vadym Stolar's political influence group; cited in media investigations regarding non-transparent campaign financing and connections to Kyiv developers.,Opposition Platform — For Life,Transport,0,1,Kyiv,1,0,1981,1,System,1,Active,AI_Verified,1,0,0,0,0,1,0,38,1444,0,0,Center,0,1
Петро Павловський,0,"No major corruption investigations, NABU pidozras, or significant media scandals regarding enrichment were identified in public records.",Servant of the People,Law Enforcement,0,0,Kharkiv,1,1,1981,1,Business,1,Active,AI_Verified,0,1,0,0,0,1,0,38,1444,0,0,East,0,0
Михайло Макаренко,0,"No records of official corruption charges, NABU suspicions, or VAKS cases found in public databases like Chesno or NABU registries.",Opposition Platform — For Life,Social,0,1,Kyiv,0,1,1950,0,System,1,Active,AI_Verified,1,0,0,0,0,1,0,69,4761,0,1,Center,0,1
Олег Волошин,3,Officially charged with state treason by the SBU in 2023; subject of a criminal case and declared wanted; also sanctioned by the US (OFAC) for involvement in Russian malign influence operations.,Opposition Platform — For Life,Foreign,0,1,Kyiv,1,1,1981,1,"System, Media",1,Terminated,AI_Verified,1,0,0,1,0,2,1,38,1444,0,0,Center,0,1
Ірина Луценко,1,"Subject of media investigations regarding high-value asset declarations and lifestyle inconsistent with official income, including reports by 'Schemes' and 'Bihus.info'.",European Solidarity,Foreign,1,1,Kyiv,0,0,1966,1,Business,1,Terminated,AI_Verified,0,1,0,0,0,1,0,53,2809,53,0,Center,0,1
Ростислав Павленко,0,"No verified corruption-related criminal proceedings, VAKS cases, or major enrichment investigations found in NABU/SAP databases or reputable investigative media like Bihus.info.",European Solidarity,Humanitarian,1,0,Kyiv,1,1,1976,1,System,1,Active,AI_Verified,1,0,0,0,0,1,0,43,1849,43,0,Center,0,1
Володимир Ар'єв,1,"While he has no criminal convictions or NABU pidozra (Official), he has been the subject of media investigations (Bihus.info, Schemes) and NGO monitoring (Chesno) regarding his asset declarations, potential conflicts of interest, and political lobbying.",European Solidarity,Humanitarian,1,0,Kyiv,1,1,1975,0,Media,0,Active,AI_Verified,0,0,0,1,0,1,0,44,1936,44,0,Center,0,1
Марія Іонова,0,"No records of NABU/SAP suspicions, VAKS criminal cases, or significant corruption-related investigations were found in public databases or watchdog reports.",European Solidarity,Foreign,1,0,Kyiv,1,0,1978,1,"System, Civil Society",1,Active,AI_Verified,1,0,1,0,0,2,1,41,1681,41,0,Center,0,1
Сергій Алєксєєв,3,"In June 2023, Alieksieiev was detained by the SBU and the Prosecutor General's Office on suspicion of demanding $50,000 for legal services to avoid deportation. A court imposed a bail of 2.26 million UAH.",European Solidarity,Legal Policy,1,0,Kyiv,1,1,1977,1,"Business, System",1,Active,AI_Verified,1,1,0,0,0,2,1,42,1764,42,0,Center,0,1
Григорій Мамка,2,"NAZK (National Agency on Corruption Prevention) identified inaccuracies in his 2020 asset declaration totaling over 1.1 million UAH, providing official grounds for a violation protocol.",Opposition Platform — For Life,Law Enforcement,0,1,Poltava,0,1,1974,1,System,1,Active,AI_Verified,1,0,0,0,0,1,0,45,2025,0,0,Center,0,0
Віктор Чорний,1,Multiple recorded instances of 'button-pushing' (non-personal voting) caught by Chesno; extensive media investigations regarding his involvement with Viktor Medvedchuk's 'Storm' security agency.,Opposition Platform — For Life,Anti-Corruption,0,1,Kyiv,1,1,1968,1,"System, Business",1,Active,AI_Verified,1,1,0,0,0,2,1,51,2601,0,0,Center,0,1
Руслан Князевич,0,"No records of criminal proceedings, official suspicions from NABU/SAP, or major media investigations regarding unexplained enrichment or conflict of interest in the current convocation.",European Solidarity,Legal Policy,1,0,Ivano-Frankivsk,1,1,1974,1,System,1,Active,AI_Verified,1,0,0,0,0,1,0,45,2025,45,0,West,0,0
Святослав Вакарчук,0,"No records of corruption investigations, NABU/SAP proceedings, or documented illicit enrichment found during his tenure.",Holos,Foreign,1,0,Lviv,1,1,1975,0,"Media, Outsider",1,Terminated,AI_Verified,0,0,0,1,0,2,1,44,1936,44,0,West,0,0
Ярослав Железняк,0,"No recorded NABU/SAP investigations, VAKS criminal proceedings, or credible media investigations concerning personal enrichment or corruption.",Holos,Finance,0,0,Donetsk,1,1,1989,1,"Civil Society, System",1,Active,AI_Verified,1,0,1,0,0,2,1,30,900,0,0,East,1,0
Максим Саврасов,1,Reported by Chesno for involvement in land scandals during his tenure in the Kyiv City Council (Chernovetskyi Bloc era) and faced media scrutiny regarding asset declarations.,European Solidarity,State Power,1,0,Kyiv,1,1,1980,0,"System, Business",1,Active,AI_Verified,1,1,0,0,0,2,1,39,1521,39,0,Center,0,1
Олег Макаров,0,"No criminal records, VAKS investigations, or corruption pidozras are associated with him. He was a professional lawyer with a clean reputation in the Bar and parliament.",Holos,Legal Policy,0,0,Kyiv,1,1,1965,1,Business,1,Deceased,AI_Verified,0,1,0,0,0,1,0,54,2916,0,0,Center,0,1
Соломія Бобровська,0,"No significant corruption investigations, criminal records (VAKS), or official NAZK protocols have been reported regarding enrichment or conflict of interest.",Holos,Defense,0,0,Rivne,1,0,1989,0,"Civil Society, System",1,Active,AI_Verified,1,0,1,0,0,2,1,30,900,0,0,Other,0,0
Володимир Цабаль,0,"No significant corruption scandals, NABU/SAP criminal proceedings, or NAZK protocols identified; maintains a reputation as a technocratic reformer.",Holos,Budget,0,0,Kyiv,0,1,1985,1,Business,1,Active,AI_Verified,0,1,0,0,0,1,0,34,1156,0,0,Center,0,1
Ольга Стефанишина,0,"No records of criminal cases (VAKS), NABU pidozra, or documented corruption scandals; she has a background as an anti-corruption and healthcare activist.",Holos,Social,0,0,Kyiv,1,0,1983,0,Civil Society,1,Active,AI_Verified,0,0,1,0,0,1,0,36,1296,0,0,Center,0,1
Олександра Устінова,0,"Ustinova has a background as a prominent anti-corruption activist with the Anti-Corruption Action Centre (ANTAC). No evidence of criminal convictions, NABU/SAP charges, or significant enrichment scandals was identified.",Holos,Law Enforcement,0,0,Vinnytsia,1,0,1985,1,Civil Society,1,Active,AI_Verified,0,0,1,0,0,1,0,34,1156,0,0,Center,0,0
Андрій Осадчук,0,"There are no records of criminal proceedings, NABU suspicions, or significant corruption-related investigations by media outlets such as Bihus.info or Schemes.",Holos,Law Enforcement,0,0,Kyiv,1,1,1971,1,"Business, Civil Society",1,Active,AI_Verified,0,1,1,0,0,2,1,48,2304,0,0,Center,0,1
Інна Совсун,0,"No records of criminal cases, NABU investigations, or significant media-led corruption scandals found.",Holos,Energy,0,0,Kharkiv,1,0,1984,1,"Civil Society, System",1,Active,AI_Verified,1,0,1,0,0,2,1,35,1225,0,0,East,0,0
Рустем Умєров,0,"No documented corruption investigations, NABU suspicions, or criminal proceedings were linked to him during his tenure as an MP.",Holos,Humanitarian,0,0,Kyiv,0,1,1982,1,"Business, Civil Society",1,Terminated,AI_Verified,0,1,1,0,0,2,1,37,1369,0,0,Center,0,1
Леся Василенко,0,"No evidence of criminal verdicts, NAZK protocols, or documented corruption scandals in investigative media such as Bihus.info or Schemes.",Holos,Eco,0,0,Kyiv,1,0,1987,1,Civil Society,1,Active,AI_Verified,0,0,1,0,0,1,0,32,1024,0,0,Center,0,1
Володимир В'ятрович,0,"No records of criminal corruption verdicts, NABU suspicions (pidozra), or major media investigations into illegal enrichment. Legal disputes related to his tenure at the UINR were primarily political-administrative rather than corruption-based.",European Solidarity,Humanitarian,0,0,Lviv,1,1,1977,0,Civil Society,1,Active,AI_Verified,0,0,1,0,0,1,0,42,1764,0,0,West,0,0
Роман Лозинський,0,"No records of NABU/SAP investigations, VAKS cases, or credible high-profile corruption scandals regarding illicit enrichment or official misconduct were identified.",Holos,State Power,0,0,Lviv,1,1,1994,1,"Civil Society, Military",1,Active,AI_Verified,0,0,1,0,1,2,1,25,625,0,0,West,0,0
Сергій Рудик,2,Became the first MP in Ukraine to be officially notified of suspicion (pidozra) for non-personal voting (button-pushing) after it was criminalized; additionally faced NABU investigations regarding asset declaration discrepancies.,Self-nominated,Agrarian,1,0,Chernivtsi,1,1,1970,1,System,0,Active,AI_Verified,1,0,0,0,0,1,0,49,2401,49,0,West,0,0
Сергій Євтушок,0,"No active criminal investigations, official corruption suspicions from NABU/SAP, or prominent media investigations into enrichment in the 9th convocation.",Batkivshchyna,Transport,1,0,Rivne,0,1,1973,1,System,1,Active,AI_Verified,1,0,0,0,0,1,0,46,2116,46,0,Other,0,0
Андрій Шараськін,0,"No record of corruption-related criminal proceedings, NABU suspicions, or significant enrichment scandals reported by monitoring organizations like CHESNO or Bihus.info.",Holos,Defense,0,0,Ternopil,1,1,1977,0,"Military, Civil Society",1,Active,AI_Verified,0,0,1,0,1,2,1,42,1764,0,0,West,0,0
Василь Вірастюк,0,No confirmed criminal proceedings by VAKS/NABU or high-profile media investigations into illegal enrichment found.,Servant of the People,Social,0,0,Ivano-Frankivsk,1,1,1974,0,Outsider,0,Active,AI_Verified,0,0,0,0,0,1,0,45,2025,0,0,West,0,0
Тетяна Скрипка,0,"No records of criminal proceedings (VAKS), NABU pidozras, or major investigative reports on personal enrichment were found in public databases or watchdog monitoring.",Servant of the People,Humanitarian,0,0,Sumy,1,0,1981,1,System,0,Active,AI_Verified,1,0,0,0,0,1,0,38,1444,0,0,North,0,0
Анатолій Гунько,3,"In August 2023, he was caught red-handed by NABU and SAP receiving an $85,000 bribe for illegal land allocation. A criminal case was opened and he was sent to SIZO before posting bail. Case handled by VAKS.",Servant of the People,Legal Policy,0,1,Kyiv,0,1,1976,1,Business,0,Active,AI_Verified,0,1,0,0,0,1,0,43,1849,0,0,Center,0,1
Сергій Козир,1,"Media investigations (e.g., Nashi Groshi, Chesno) highlighted potential irregularities and favoritism in infrastructure tenders during his tenure as Kherson Governor, though no criminal convictions are recorded.",Servant of the People,Eco,0,0,Donetsk,1,1,1984,0,"Business, System",0,Active,AI_Verified,1,1,0,0,0,2,1,35,1225,0,0,East,1,0
Ірина Никорак,0,"No documented corruption investigations by NABU/SAP, VAKS cases, or major integrity-related scandals in investigative media (Bihus, Schemes) were identified.",European Solidarity,Transport,0,0,Kyiv,0,0,1987,1,"System, Civil Society",1,Active,AI_Verified,1,0,1,0,0,2,1,32,1024,0,0,Center,0,1
Віталій Войцехівський,0,"No record of VAKS criminal cases, NABU suspicions, or significant media investigations into illicit enrichment or corruption since his election in 2021.",Servant of the People,State Power,0,0,Cherkasy,0,1,1967,1,"System, Business",0,Active,AI_Verified,1,1,0,0,0,2,1,52,2704,0,0,Center,0,0
Кіра Рудик,2,"NAZK issued protocols regarding violations in the financial reports of the 'Holos' party under her leadership, which resulted in the temporary suspension of state funding for the party in 2021.",Holos,State Power,0,0,Kyiv,1,0,1985,1,Business,1,Active,AI_Verified,0,1,0,0,0,1,0,34,1156,0,0,Center,0,1
Богдан Лукашук,0,"No major corruption investigations, NABU suspicions, or VAKS criminal proceedings were identified for Bohdan Lukashuk during the 9th convocation.",Batkivshchyna,Finance,1,0,Khmelnytskyi,1,1,1982,1,"Business, System",1,Active,AI_Verified,1,1,0,0,0,2,1,37,1369,37,0,Other,0,0
Михайло Соколов,0,"No active criminal cases (VAKS), NABU pidozras, or major integrity-based media investigations specifically targeting his conduct during the 9th convocation since he entered in late 2023.",Batkivshchyna,Agrarian,1,0,Dnipro,1,1,1967,0,"Business, System",1,Active,AI_Verified,1,1,0,0,0,2,1,52,2704,52,0,East,0,0
Таміла Ташева,0,"No public records of corruption, criminal investigations, or illicit enrichment found in databases like NABU, SAP, or investigative media like Bihus.info.",Holos,Humanitarian,0,0,Crimea,1,0,1985,1,Civil Society,1,Terminated,AI_Verified,0,0,1,0,0,1,0,34,1156,0,0,South,1,0
Олександр Лукашев,1,"Reported by Chesno for political corruption (vote-buying/hrechkosii) and involved in the 2020 Constitutional Court crisis regarding asset declarations, but no criminal conviction or VAKS case.",Opposition Platform — For Life,Legal Policy,0,1,Luhansk,0,1,1976,1,System,0,Active,AI_Verified,1,0,0,0,0,1,0,43,1849,0,0,East,1,0
Сергій Дунаєв,2,"In 2019, NABU and SAP issued a notice of suspicion (pidozra) regarding the deliberate failure to declare 10 companies belonging to him and his family. He has also faced previous investigations related to illegal business activities and immunity stripping attempts.",Opposition Platform — For Life,Legal Policy,1,1,Luhansk,0,1,1968,1,"Business, System",1,Active,AI_Verified,1,1,0,0,0,2,1,51,2601,51,0,East,1,0
Сергій Ларін,3,"In 2023, he became the first MP to be convicted by the High Anti-Corruption Court (VAKS) for non-personal voting (button-pushing), which is a criminal offense under Article 364-2 of the Criminal Code.",Opposition Platform — For Life,State Power,1,1,Donetsk,0,1,1962,0,System,1,Active,AI_Verified,1,0,0,0,0,1,0,57,3249,57,0,East,1,0
Валентина Короленко-Усова,0,"No records found of criminal verdicts, NABU/SAP investigations, or significant media-led corruption scandals since entering parliament in 2022.",Servant of the People,Legal Policy,0,0,Dnipro,0,0,1982,1,System,1,Active,AI_Verified,1,0,0,0,0,1,0,37,1369,0,0,East,0,0
